feature,description,separability,mean_pairwise_auc,eta2,kruskal_H,kruskal_p,mean[N_scintillans],sd[N_scintillans],mean[Aphanizomenon_sp],sd[Aphanizomenon_sp],mean[M_rubrum],sd[M_rubrum]
glcm_contrast,GLCM contrast (d=1),0.6620494889725659,0.9052687376725839,0.5792377020675769,219.69004903374503,1.9720230541187172e-48,6.372359465621197,5.713507847918241,16.70780442413631,7.668226615155058,0.6617055618543715,0.5612004072817958
lbp_entropy,LBP entropy,0.60529854760624,0.852270037654653,0.3180501283163236,175.37085359090884,8.292834521837733e-39,3.2059432772261593,0.06680558618876568,3.2390776223323274,0.016855440077549685,3.1593155360943888,0.05529838221900849
glcm_homogeneity,GLCM homogeneity (d=1),0.563076923076923,0.8771570736955353,0.6369886095252545,203.5361522374078,6.348719036554102e-45,0.7010196428288855,0.11255808868558205,0.4061604422189311,0.17008352664773704,0.8157317521703683,0.09401955670609255
glcm_correlation_decay,GLCM correlation decay (d4/d1),0.37923614846691767,0.8391209431594047,0.4420954212184698,161.59150760697116,8.144228723313812e-36,0.6511051589012273,0.11196954189150832,0.5391169111287679,0.17820628406934821,0.8369799646907277,0.08979345632338619
lbp_nonuniform_fraction,LBP non-uniform pattern fraction,0.36951923076923077,0.8404008651604805,0.46678841515732034,186.76331598341326,2.7852310188420395e-41,0.17000638521634615,0.02147313386625061,0.19675514914772727,0.012335165595100074,0.15691162109375,0.021679854542065016
lacunarity,Lacunarity (8 px box),0.30255681818181823,0.762980248917749,0.026517518269560766,103.11591923354393,4.0612772676891724e-23,42.68540906443857,177.3384271332415,4.511958386111371,9.665049488992752,16.77762810840058,44.27203076506047
filament_fraction,Filament area fraction,0.16230769230769226,0.7546091088398782,0.4032494012245843,122.33202834737875,2.7285854838953945e-27,0.07500281700721154,0.06340454367418963,0.2997893220061189,0.14184647907702833,0.131689453125,0.13481885830063892
skeleton_density,Skeleton density (px / 1000 px^2),0.1546153846153846,0.7629792002868925,0.4400139566610737,130.67984642589443,4.19983182944824e-29,18.510084885817307,16.36015507434918,79.9056900131119,40.202762011945154,29.45068359375,29.576582107752937
coherence,Structure-tensor coherence,0.09596153846153843,0.6264454455800609,0.09804579932124495,28.57454387359644,6.239023714680294e-07,0.5234303837489916,0.13694376881252696,0.43958744412601175,0.09063497311985791,0.49967712425458827,0.11000047396785817
orientation_order,Orientation order R,0.06699300699300692,0.618157163349471,0.0630769491843752,24.20043789163242,5.558296142729944e-06,0.7459391227840645,0.1836183551602617,0.6260690722918968,0.19786869928159567,0.6414299107925605,0.22745437795962337
junctions_per_100px,Junctions per 100 skeleton px,0.05884615384615377,0.7357078178232025,0.3230206078909083,118.2036891610221,2.1497850004189946e-26,1.8947289196036279,2.183317634580369,4.772188520012245,1.9370317585144847,2.047325328840594,1.9139511453904026
junction_endpoint_ratio,Junction / endpoint ratio,0.04807692307692313,0.7271073157611619,0.31764648941283585,111.31374966346353,6.737928228116e-25,0.25544240931133644,0.3300554759680607,0.7015826571689184,0.36561031186284987,0.24761572224942208,0.2536877612452955
fractal_dimension,Fractal dimension (box counting),0.04403846153846147,0.734924914828761,0.18477570813107477,119.12935067733464,1.353287854291947e-26,1.1169909271395333,0.5294524716018552,1.553404419425355,0.28326877893629426,1.081293213469039,0.6067005916683857
