,N_scintillans.png,Aphanizomenon_sp.png,M_rubrum.png
filament_fraction,0.07679874284431473,0.2701060394484203,0.11466450690248957
skeleton_density,18.311071201406815,70.3929568860185,24.23897498759595
junction_endpoint_ratio,0.811965811965812,1.2829268292682927,0.7120418848167539
junctions_per_100px,3.8823048630976706,6.113909337466098,4.093919325707406
branch_length_median,6.5,6.0,8.0
n_cells,17.0,192.0,13.0
coherence_mean,0.5227972892618361,0.44226104367621644,0.5114069997187768
orientation_order,0.47363247626436417,0.2760148263443405,0.25669192229182874
n_eddies,1.0,3.0,1.0
eddy_max_significance,3.562,2.096,2.487
eddy_dominant_radius_rel,0.33220338983050846,0.12759643916913946,0.17592592592592593
eddy_dominant_alignment,0.7207,0.5812,0.6729
glcm_correlation_decay,0.6615260181193064,0.7143298273548159,0.9708472118883303
lbp_entropy,3.2195579433131436,3.244849617318386,3.1736053814243483
lbp_nonuniform_fraction,0.16847382796423094,0.19894942398324314,0.1538904941190205
fractal_dimension,1.4123848434988615,1.7460587908095455,1.5582059563571804
lacunarity,4.262888688509058,1.5774350208655115,3.4106311766211816
spectral_slope,-2.337167557653277,-2.419537773866732,-2.9488575401539343
label,N_scintillans,Aphanizomenon_sp,M_rubrum
