image,label,x,y,filament_fraction,skeleton_density,junctions_per_100px,junction_endpoint_ratio,coherence,orientation_order,glcm_contrast,glcm_homogeneity,glcm_correlation_decay,lbp_entropy,lbp_nonuniform_fraction,fractal_dimension,lacunarity
N_scintillans.png,N_scintillans,0,0,0.106689453125,28.3203125,0.8620689655172413,0.1111111111111111,0.7286155003871909,0.9310179482790137,9.014497118291787,0.6101006027412329,0.46239947236271084,3.1984939534371524,0.176513671875,1.2290940402403678,3.457282453731967
N_scintillans.png,N_scintillans,32,0,0.063720703125,18.5546875,0.0,0.0,0.5670307206944802,0.7518477396868176,4.817398313492066,0.7532663675938831,0.6976629978851822,3.2020304815322236,0.1689453125,1.2331084750480996,7.459782348621734
N_scintillans.png,N_scintillans,64,0,0.039794921875,9.27734375,0.0,0.0,0.5399811639788357,0.7684407341031155,1.8123385928445468,0.7863994206025675,0.7963225113975746,3.217564097221274,0.1689453125,1.0424434164261078,8.527863521760645
N_scintillans.png,N_scintillans,96,0,0.061767578125,18.5546875,0.0,0.0,0.660956262206999,0.8785801764927135,3.9670434145880584,0.617653267586383,0.5463225524956391,3.2116915936302286,0.18603515625,0.9937788890386182,4.957695212001736
N_scintillans.png,N_scintillans,128,0,0.0458984375,18.5546875,0.0,0.0,0.6410566825313269,0.8537998517849323,3.1644965277777803,0.6227328684135625,0.5202772465338358,3.21545035197248,0.17138671875,1.0252343750255497,4.848015708837722
N_scintillans.png,N_scintillans,160,0,0.02392578125,9.27734375,0.0,0.0,0.5575925605107105,0.49561146461779615,1.3789761274880328,0.7167594149767278,0.5857998880380436,3.2115054134300722,0.14404296875,1.160068727724834,8.85292673657495
N_scintillans.png,N_scintillans,192,0,0.024658203125,6.591796875,3.7037037037037037,0.3333333333333333,0.48796289638152013,0.29018401898417817,2.7238520408163294,0.7423211939113517,0.7166303607608762,3.2238377046420617,0.157470703125,1.3972811551556052,15.108801857363119
N_scintillans.png,N_scintillans,224,0,0.0830078125,22.4609375,5.434782608695652,0.5555555555555556,0.4566651596048064,0.3594972811276196,6.864124700806259,0.6702457116485574,0.7305596467099562,3.21888078703804,0.173583984375,1.3790460116982408,5.1924782510547685
N_scintillans.png,N_scintillans,256,0,0.105712890625,25.390625,4.8076923076923075,0.5555555555555556,0.44969117914296164,0.6640108494338843,8.715681295666439,0.6074454926243948,0.7124110260045283,3.2317552643638177,0.179931640625,1.37527141503341,3.9423913442794802
N_scintillans.png,N_scintillans,288,0,0.074951171875,15.13671875,1.6129032258064515,0.2,0.41455391502580174,0.4639438990258052,6.49788300736963,0.6603329774914479,0.7426961997355251,3.2470960157042184,0.181640625,1.3824478949064456,5.880465801556049
N_scintillans.png,N_scintillans,320,0,0.027587890625,5.37109375,0.0,0.0,0.34650659740516443,0.5498681542222337,2.6425953483245173,0.7743521115100818,0.7745649557944428,3.236392242684653,0.19580078125,1.3888286627580664,26.78332526739372
N_scintillans.png,N_scintillans,352,0,0.0,0.0,0.0,0.0,0.3332269812040577,0.8097828598056627,0.5536964206979088,0.8571653444231001,0.5363326397792937,3.19070101167203,0.205810546875,0.0,
N_scintillans.png,N_scintillans,384,0,0.0,0.0,0.0,0.0,0.36181867301741666,0.5030089721970089,0.3335341080876796,0.896627714261214,0.5242542933197095,3.193224737928535,0.204833984375,0.0,
N_scintillans.png,N_scintillans,0,32,0.123046875,32.71484375,1.492537313432836,0.25,0.7375453111425072,0.9460075182237483,10.572587947215954,0.5453911349572961,0.3249488005145129,3.2153815987457306,0.187255859375,1.3460225189466961,2.9752911225431777
N_scintillans.png,N_scintillans,32,32,0.08251953125,21.97265625,1.1111111111111112,0.2,0.5808262663762682,0.9268413456292289,7.344619039745533,0.7006753614936952,0.6019937934742681,3.2269826785307845,0.184326171875,1.4439766767906268,6.658606484134475
N_scintillans.png,N_scintillans,64,32,0.03125,9.765625,0.0,0.0,0.5831250816985688,0.9260951805309723,1.9842637865331334,0.7874786704239126,0.8035186401700674,3.2206868498215604,0.174560546875,1.021116798367419,12.142850701463932
N_scintillans.png,N_scintillans,96,32,0.069091796875,24.90234375,0.0,0.0,0.6960329681150592,0.9427564206360614,4.9860530439027455,0.6202346595214441,0.5735203887178869,3.2171049959836657,0.184326171875,1.0785543385452498,4.051829876818809
N_scintillans.png,N_scintillans,128,32,0.060546875,25.390625,0.0,0.0,0.6978887954811409,0.9426210811784641,3.681380306752332,0.6438775859024815,0.587277747514986,3.231146548554629,0.17236328125,1.0826577922920044,4.382442904245364
N_scintillans.png,N_scintillans,160,32,0.022705078125,10.25390625,0.0,0.0,0.6280186155228218,0.7005971708632063,0.9378326562106325,0.7817296160253974,0.5839893254044326,3.2023973497541887,0.15283203125,1.0195203972892506,10.4246972021331
N_scintillans.png,N_scintillans,192,32,0.0,0.0,0.0,0.0,0.48435204725020237,0.5070855364393356,0.25607934145880573,0.887442355414388,0.7871454265028743,3.173475452157366,0.14892578125,0.0,
N_scintillans.png,N_scintillans,224,32,0.00146484375,0.9765625,0.0,0.0,0.4121295332340393,0.6211126723370561,0.3454713482615269,0.9016591525788823,0.8027379491140315,3.1841435161370155,0.16650390625,0.5754887502163466,940.8
N_scintillans.png,N_scintillans,256,32,0.043701171875,10.7421875,2.272727272727273,0.2,0.44161948499553705,0.814189415603317,4.043242354812302,0.7638661879945016,0.8159006736743777,3.1989298703715736,0.162841796875,1.3541034627417772,13.225997656367515
N_scintillans.png,N_scintillans,288,32,0.096923828125,20.01953125,3.658536585365854,0.42857142857142855,0.416896852095107,0.767615974786659,8.643712403943072,0.5838992849820825,0.7024436418305828,3.2210516955141633,0.17138671875,1.3523228540380337,4.140061522210227
N_scintillans.png,N_scintillans,320,32,0.06640625,15.625,3.125,0.25,0.33424388932284577,0.6428036355927671,7.085497567082398,0.6026465328450017,0.7456319981643983,3.23872045412032,0.194580078125,1.2234066768458032,6.9103392603542915
N_scintillans.png,N_scintillans,352,32,0.01171875,4.39453125,0.0,0.0,0.28520125093624515,0.6737843196202373,2.5088754251700722,0.7681767170136512,0.8194997470567893,3.2012187621409716,0.20849609375,1.0677426023029857,54.02161561792472
N_scintillans.png,N_scintillans,384,32,0.0,0.0,0.0,0.0,0.2856518692404919,0.30668275353580704,0.3353883219954648,0.899473176163924,0.8315632847078094,3.1794575145897817,0.191162109375,0.0,
N_scintillans.png,N_scintillans,0,64,0.1240234375,32.71484375,2.985074626865672,0.8,0.7155299705972485,0.9423565092421837,11.493607686130034,0.5692841907169396,0.5104107032819083,3.2232698433090663,0.1767578125,1.414032228149084,3.1202090086617607
N_scintillans.png,N_scintillans,32,64,0.08056640625,23.92578125,4.081632653061225,0.8,0.6455122233015834,0.9293604037972001,8.408781336608719,0.6728368940505907,0.6081360004510257,3.2229599719235233,0.19287109375,1.481681598647333,6.519312699144463
N_scintillans.png,N_scintillans,64,64,0.0419921875,15.869140625,0.0,0.0,0.6930300001659045,0.9298583481407418,3.5980597678886403,0.757119877027944,0.7417498470237165,3.196494554889983,0.185302734375,1.3047013502298055,10.735057223594216
N_scintillans.png,N_scintillans,96,64,0.0966796875,34.1796875,1.4285714285714286,0.18181818181818182,0.7388902556930437,0.9559934780315986,7.367449294532637,0.604715872040485,0.5475256658240036,3.18565518573481,0.1845703125,1.2640998350838435,3.182914743197841
N_scintillans.png,N_scintillans,128,64,0.070068359375,29.296875,0.8333333333333334,0.125,0.7606618662406439,0.9452994787648414,4.267137699987403,0.6580123636200099,0.5379684160085023,3.1893092507915313,0.180419921875,1.1369795585289313,4.459311684804529
N_scintillans.png,N_scintillans,160,64,0.015380859375,8.7890625,0.0,0.0,0.6927326372876763,0.817584287447486,0.8555514219576716,0.7968785634128339,0.4696019311391927,3.1740647129944146,0.169189453125,0.9381297907440322,10.469921874999999
N_scintillans.png,N_scintillans,192,64,0.0,0.0,0.0,0.0,0.48677048411271673,0.17682852882578598,0.2521406131897203,0.8825157667233561,0.6565962915760747,3.193408812187217,0.15771484375,0.0,
N_scintillans.png,N_scintillans,224,64,0.0,0.0,0.0,0.0,0.40568147646816627,0.6199932878778478,0.2965718694885361,0.8798762269788185,0.7682979865483478,3.2151822186941983,0.161865234375,0.0,
N_scintillans.png,N_scintillans,256,64,0.0,0.0,0.0,0.0,0.44884968404336434,0.8778209993624779,0.440325609410431,0.8695518131574467,0.8342802186032181,3.1976023648801037,0.162109375,0.0,
N_scintillans.png,N_scintillans,288,64,0.027099609375,6.103515625,4.0,0.3333333333333333,0.44907951545394587,0.7693619862711774,2.995787666918621,0.7451481313343117,0.7988669670611299,3.21245601171991,0.169921875,1.1766557390806869,16.727971541529815
N_scintillans.png,N_scintillans,320,64,0.08642578125,26.3671875,6.481481481481482,0.5384615384615384,0.36178517066586235,0.7241620156917439,7.692619756235845,0.5563137367372826,0.7178934353070535,3.249035185173491,0.1796875,1.2973959907118815,5.278242759918022
N_scintillans.png,N_scintillans,352,64,0.08447265625,23.193359375,5.2631578947368425,0.5555555555555556,0.28737473892837406,0.5991907333906971,7.439478221844306,0.5945196769010772,0.7255249049479435,3.2570947452476693,0.18359375,1.3523898948242996,5.38547140117474
N_scintillans.png,N_scintillans,384,64,0.025146484375,5.37109375,0.0,0.0,0.32015536866124583,0.4754303651910326,2.4149630338246433,0.8196281044737128,0.752306649643682,3.232605698154615,0.173583984375,1.3322020549797924,43.968130396525524
N_scintillans.png,N_scintillans,0,96,0.1083984375,25.634765625,1.9047619047619047,0.3333333333333333,0.700769519259013,0.9483598086368923,10.299571680524076,0.6767932972711626,0.6090649208281104,3.2044181025651137,0.151123046875,1.3744697242040211,4.13511323117686
N_scintillans.png,N_scintillans,32,96,0.097900390625,24.658203125,1.9801980198019802,0.3333333333333333,0.7148909752285191,0.9575174398412433,9.88397876511717,0.6464441235314793,0.48360431878232596,3.209809603039974,0.1865234375,1.3904398749324798,4.4634324434892925
N_scintillans.png,N_scintillans,64,96,0.06005859375,20.99609375,0.0,0.0,0.7353897327032439,0.9524236336068461,4.648444389329813,0.7347693410922893,0.6238220524387312,3.2044578775381596,0.16943359375,1.4210159537604181,8.756524832883866
N_scintillans.png,N_scintillans,96,96,0.15087890625,43.45703125,1.1235955056179776,0.15384615384615385,0.8050024001028191,0.972224296569004,10.184462789745556,0.5921313941643346,0.5049968574134939,3.1758133979947845,0.17529296875,1.347757646377955,2.64035431103496
N_scintillans.png,N_scintillans,128,96,0.098876953125,32.470703125,0.7518796992481203,0.125,0.8133639086712989,0.9512285369910731,6.369032856198041,0.6204739496084147,0.4777698187746537,3.16459215673367,0.177734375,1.2502070245897174,4.348245939456512
N_scintillans.png,N_scintillans,160,96,0.008056640625,4.39453125,0.0,0.0,0.740321303289051,0.9260148934967098,0.8702709671831694,0.7840477622985942,0.3628002044547801,3.1621687349199155,0.16357421875,0.9229419688230416,29.74425020576132
N_scintillans.png,N_scintillans,192,96,0.0,0.0,0.0,0.0,0.5066802926201104,0.5545001454162869,0.30623759920634924,0.8612590348639456,0.672037794233469,3.200756167239508,0.1513671875,0.0,
N_scintillans.png,N_scintillans,224,96,0.0,0.0,0.0,0.0,0.4132835299235642,0.5168959628174481,0.43947723765432095,0.8347255968371602,0.7241128794890284,3.2286638651539015,0.148681640625,0.0,
N_scintillans.png,N_scintillans,256,96,0.0,0.0,0.0,0.0,0.45187195852226814,0.7252056059846439,0.5557514093600404,0.8342647252033072,0.7801034803430551,3.2197177868891838,0.161376953125,0.0,
N_scintillans.png,N_scintillans,288,96,0.018310546875,7.080078125,6.896551724137931,0.5,0.41834309031266675,0.5837265257359616,2.6598757558579016,0.7820867904398591,0.5858081744193977,3.223032882531832,0.176025390625,1.2685099172006609,24.43275082545458
N_scintillans.png,N_scintillans,320,96,0.06591796875,22.94921875,7.446808510638298,0.5384615384615384,0.3940552446267819,0.6395167343754417,5.1313007842025815,0.6920293916828226,0.7664682946852285,3.24131560926197,0.16015625,1.4080535447465876,9.092427440527556
N_scintillans.png,N_scintillans,352,96,0.113037109375,28.076171875,5.217391304347826,0.6,0.35073192770980643,0.720780444540481,7.91861044186194,0.6296552138772904,0.7151222839728553,3.243797230471664,0.143798828125,1.4090464968662588,4.3248432585258945
N_scintillans.png,N_scintillans,384,96,0.090576171875,24.169921875,4.040404040404041,0.5,0.3406688930063721,0.5516094295199854,7.282123960695403,0.6818083981376478,0.6656475367806173,3.249086774304693,0.17236328125,1.370299727573207,5.07770854106076
N_scintillans.png,N_scintillans,0,128,0.099365234375,18.5546875,0.0,0.0,0.6402146617176105,0.9344072303019578,8.16604170603428,0.7794113887667828,0.6305808599492994,3.155695179396104,0.159423828125,1.4714893378912965,5.2406784272147995
N_scintillans.png,N_scintillans,32,128,0.10009765625,18.798828125,0.0,0.0,0.6804101988834116,0.9682111682795245,9.234537391345437,0.6343114358077476,0.5093876702053464,3.201513569916085,0.185791015625,1.4062868088674856,4.306725076925438
N_scintillans.png,N_scintillans,64,128,0.039794921875,11.962890625,0.0,0.0,0.6219743444751181,0.9393550766099713,4.039340041572185,0.6943130803249632,0.5834293118608292,3.2346083150209135,0.165771484375,1.2087665353805883,12.219508556399665
N_scintillans.png,N_scintillans,96,128,0.137939453125,39.306640625,1.8633540372670807,0.3333333333333333,0.7310298056843357,0.9467910244017095,11.606845631771257,0.5594877793474947,0.5460407556546492,3.2167895251109044,0.178466796875,1.367670072589156,2.892487626974069
N_scintillans.png,N_scintillans,128,128,0.099365234375,30.76171875,2.380952380952381,0.3333333333333333,0.7527816686581794,0.9368348327858177,9.160827467561116,0.5609925987042583,0.5247823631147006,3.2062901169067604,0.193115234375,1.331749642978076,4.24887880669899
N_scintillans.png,N_scintillans,160,128,0.00048828125,0.48828125,0.0,0.0,0.6407415830784943,0.7923107713416945,1.0192222143487024,0.7545669026914277,0.4025837814838297,3.215338698302617,0.171875,0.0,367.5000000000001
N_scintillans.png,N_scintillans,192,128,0.0,0.0,0.0,0.0,0.44506902625509576,0.5306483737490242,0.6506233859284454,0.7963254583735593,0.5190720394288028,3.2085895672517606,0.162353515625,0.0,
N_scintillans.png,N_scintillans,224,128,0.0,0.0,0.0,0.0,0.38805482909938216,0.6406574227403584,0.8582481024817333,0.7650898788449124,0.6112450544490835,3.2328476404504594,0.16650390625,0.0,
N_scintillans.png,N_scintillans,256,128,0.0,0.0,0.0,0.0,0.4468552835372365,0.7947694225347077,0.9334667894935751,0.7701866982145217,0.6745760714264534,3.2391801867974483,0.16357421875,0.0,
N_scintillans.png,N_scintillans,288,128,0.064697265625,17.08984375,5.714285714285714,0.6666666666666666,0.4379159108277823,0.7773122812598793,4.613740866717064,0.7037497137822553,0.6809537240990662,3.230389511830717,0.154541015625,1.3938618303130812,6.541306380582759
N_scintillans.png,N_scintillans,320,128,0.064697265625,17.08984375,5.714285714285714,0.6666666666666666,0.3585609512331367,0.4270002589130402,4.33140530517763,0.7436612697886684,0.7475614234178442,3.2452796570550606,0.1484375,1.3938618303130812,6.40000299699826
N_scintillans.png,N_scintillans,352,128,0.040283203125,10.009765625,4.878048780487805,0.5,0.3272958612752052,0.6089812474840046,3.1718189011715836,0.7935360592664253,0.7905136742206187,3.22760619961595,0.13720703125,1.3750801956413494,15.261275548082802
N_scintillans.png,N_scintillans,384,128,0.1171875,29.541015625,4.958677685950414,0.5454545454545454,0.37367723852421936,0.6124501296047283,10.272608812043362,0.6390372720252437,0.6257324717598097,3.237549459267506,0.167724609375,1.3717147587986045,3.8167055846251645
N_scintillans.png,N_scintillans,0,160,0.0537109375,10.009765625,0.0,0.0,0.5192434578982236,0.7906704506873367,3.9806163784958484,0.861608430216706,0.7341189210499077,3.0629714500231096,0.14111328125,1.5092463522308703,13.294416427612308
N_scintillans.png,N_scintillans,32,160,0.115234375,22.216796875,2.197802197802198,0.4,0.6172530064522426,0.902035100437707,9.695903013983397,0.6305786662255154,0.6813444044142515,3.208847939262096,0.171875,1.4858287797031509,4.329648155710597
N_scintillans.png,N_scintillans,64,160,0.06982421875,17.822265625,2.73972602739726,0.25,0.5305383345082093,0.8473470212036632,7.009862567712285,0.6187208966686351,0.7046669727954068,3.2365219563318837,0.186279296875,1.34762651532914,9.596828209289065
N_scintillans.png,N_scintillans,96,160,0.0791015625,22.94921875,3.1914893617021276,0.3333333333333333,0.6044639986935241,0.8654584299294201,7.161365819475957,0.6240114462965218,0.6751694366205244,3.2369507389881127,0.1806640625,1.2625934281777462,5.043864534271862
N_scintillans.png,N_scintillans,128,160,0.083251953125,24.169921875,3.0303030303030303,0.3333333333333333,0.6877854113547637,0.8721680443184855,6.730334900163783,0.6194112028222489,0.6227376708559595,3.2365656273672188,0.186767578125,1.2834790679243286,4.566092238388072
N_scintillans.png,N_scintillans,160,160,0.012451171875,4.638671875,0.0,0.0,0.6153227210325976,0.6942827737847389,1.6680022124590579,0.7198948266422611,0.5539908518641616,3.240403872531912,0.185791015625,1.091370754177307,62.9368098765432
N_scintillans.png,N_scintillans,192,160,0.0,0.0,0.0,0.0,0.5061252273630338,0.36073397910597427,2.8583140432098793,0.6580086950555966,0.5756040145242011,3.2396045650960126,0.1875,0.0,
N_scintillans.png,N_scintillans,224,160,0.0,0.0,0.0,0.0,0.43670302447685183,0.5193976070752451,3.241697373393805,0.6163989154281737,0.527651864160355,3.233186188000726,0.202392578125,0.0,
N_scintillans.png,N_scintillans,256,160,0.060791015625,15.869140625,6.153846153846154,0.5,0.4800715541205657,0.8534872028152211,6.054773124527593,0.6400826257051159,0.7150024448808724,3.2351096757908593,0.189208984375,1.596510222463149,17.101007974253747
N_scintillans.png,N_scintillans,288,160,0.140625,34.912109375,6.293706293706293,0.8181818181818182,0.5207001021418676,0.9321426373034142,9.525580081569688,0.6192740579065407,0.7275256844634403,3.215011702000809,0.159423828125,1.536164352157254,3.6673139701294706
N_scintillans.png,N_scintillans,320,160,0.079833984375,20.263671875,4.819277108433735,0.6666666666666666,0.3765901085712111,0.6648922485232404,4.47761263070044,0.7664478902857894,0.8099624943094889,3.227293975997899,0.145751953125,1.4960257066414964,7.161200208416354
N_scintillans.png,N_scintillans,352,160,0.002685546875,1.46484375,0.0,0.0,0.3256694774989927,0.5511360071977357,0.4881867677626609,0.8836548949869468,0.8682171430325963,3.2075483995344065,0.146484375,0.7,1219.5555555555554
N_scintillans.png,N_scintillans,384,160,0.09765625,20.263671875,3.6144578313253013,0.5,0.4564510581863173,0.7959824439547564,9.020282186948867,0.6901399952787629,0.6770464364759561,3.2302590121209827,0.15966796875,1.3864910368482197,4.945019951982612
N_scintillans.png,N_scintillans,0,192,0.006591796875,2.44140625,0.0,0.0,0.4760289707542111,0.6337868666552962,0.6052049870874281,0.9333260921593195,0.8162864771576845,2.7063246384118638,0.078125,1.0509775004326936,326.39669421487605
N_scintillans.png,N_scintillans,32,192,0.10009765625,21.484375,3.409090909090909,0.42857142857142855,0.6192833952433756,0.8240169573287768,8.649654942995742,0.671807042678157,0.738371511452998,3.1962128715055194,0.146484375,1.5036708406188923,5.218183226573073
N_scintillans.png,N_scintillans,64,192,0.17822265625,49.560546875,5.911330049261084,0.9230769230769231,0.5511670798806133,0.9029933493962283,17.22997173406405,0.4868027835636988,0.5667733895050672,3.2362801254103184,0.197998046875,1.547038349776974,2.5673680840058783
N_scintillans.png,N_scintillans,96,192,0.13427734375,38.57421875,5.063291139240507,0.5333333333333333,0.5562591454100767,0.9127618014367403,12.380021337238635,0.5975074118026742,0.5870379262130926,3.25678834863931,0.18017578125,1.4229209367501001,3.9182068165938673
N_scintillans.png,N_scintillans,128,192,0.074462890625,18.06640625,0.0,0.0,0.6663606666174813,0.9195459649291823,4.5677664005417045,0.7253579003020008,0.6271504618949195,3.242560889493381,0.16064453125,1.2535053975777124,5.555853409851546
N_scintillans.png,N_scintillans,160,192,0.03369140625,11.474609375,0.0,0.0,0.6763606834897975,0.8907913677270973,2.7934027777777803,0.7310610917719358,0.5941368919235946,3.2147921687803165,0.172607421875,1.2364353560257073,7.494815420715183
N_scintillans.png,N_scintillans,192,192,0.0087890625,3.173828125,0.0,0.0,0.5736387133414502,0.8033276584641127,3.57698333963215,0.655219801175599,0.5902609832613078,3.2369220017567333,0.185546875,1.2644457187509257,33.07707906279618
N_scintillans.png,N_scintillans,224,192,0.04443359375,14.16015625,6.896551724137931,1.0,0.41185223584740444,0.6749671731567323,6.954121984441933,0.6026493487959498,0.5757416765098436,3.23599942776495,0.203369140625,1.489717843764305,18.704224794402908
N_scintillans.png,N_scintillans,256,192,0.237060546875,72.998046875,8.02675585284281,1.3333333333333333,0.37989305673309415,0.7908440730567177,22.743662800768504,0.4939137586850167,0.5972176564649997,3.218979376663317,0.2119140625,1.6854124322207462,2.7477123591221013
N_scintillans.png,N_scintillans,288,192,0.263916015625,81.0546875,7.831325301204819,1.368421052631579,0.4301556815867674,0.902084073950406,23.892654399722915,0.4928905950323463,0.6333659541801524,3.2271244441195037,0.190673828125,1.687008256087019,2.055601640501095
N_scintillans.png,N_scintillans,320,192,0.0712890625,23.4375,5.208333333333333,0.5,0.40458536698459724,0.7381095068602742,5.7487579522549845,0.7696222091618736,0.7556487951821558,3.2057372409918496,0.1650390625,1.5556059434231972,10.165304436075772
N_scintillans.png,N_scintillans,352,192,0.04443359375,9.033203125,0.0,0.0,0.46665224364308666,0.7454540591385534,3.2682075144872798,0.8428460480373491,0.7408695060812612,3.155976593558835,0.14794921875,1.4107749855395324,21.383840567604484
N_scintillans.png,N_scintillans,384,192,0.092529296875,15.380859375,0.0,0.0,0.5546494998813958,0.8621371858090391,7.398391243071326,0.7368992281096767,0.6467384490206931,3.199801864083259,0.149169921875,1.4234092982498083,5.0817859771594645
N_scintillans.png,N_scintillans,0,224,0.0,0.0,0.0,0.0,0.5268519711564323,0.45319520685389914,0.2359949766943814,0.91309220064691,0.8636528320633013,2.8687367555757533,0.094482421875,0.0,
N_scintillans.png,N_scintillans,32,224,0.03271484375,7.32421875,3.3333333333333335,0.2,0.601670060205364,0.5538022338391508,3.203329711514236,0.8110938527352436,0.7924989887439382,3.160242255867621,0.12109375,1.5056366761024522,26.171658144631117
N_scintillans.png,N_scintillans,64,224,0.158935546875,41.259765625,6.508875739644971,1.1,0.6135272576064228,0.9000955775440244,16.036830357142907,0.5501136179077543,0.6198285405655211,3.2433762628728933,0.173095703125,1.5341225515560308,3.1322157586372263
N_scintillans.png,N_scintillans,96,224,0.245849609375,66.40625,5.514705882352941,1.0,0.5733709609095436,0.9328080532286169,24.612558854560397,0.446538505291187,0.5591620265669868,3.2371398830866043,0.1953125,1.5686994903406335,1.9497371962690038
N_scintillans.png,N_scintillans,128,224,0.220947265625,65.4296875,5.970149253731344,1.0,0.5153888957981692,0.8941798099072309,21.201243228773073,0.5634678212369606,0.6611726127993831,3.2494403743715616,0.171142578125,1.5516531070045314,2.4748308905956247
N_scintillans.png,N_scintillans,160,224,0.137451171875,42.236328125,5.780346820809249,0.6666666666666666,0.49538681102204135,0.8241798168244143,13.110844395628671,0.661629107077152,0.6545872640565362,3.2303225226480934,0.158935546875,1.45723696960006,4.4444286527463746
N_scintillans.png,N_scintillans,192,224,0.104736328125,26.611328125,5.504587155963303,0.42857142857142855,0.48023320540756453,0.609168084314254,10.52417662666921,0.6606681647223964,0.5693175755883313,3.251949778853275,0.17236328125,1.4642615840685091,5.942161346982999
N_scintillans.png,N_scintillans,224,224,0.17919921875,55.17578125,8.849557522123893,1.3333333333333333,0.37443155340185996,0.608605640463905,17.388000165343968,0.5642839055498847,0.6092913015180403,3.2528507881227147,0.1875,1.5222609188678278,2.883179861055842
N_scintillans.png,N_scintillans,256,224,0.25,83.0078125,9.411764705882353,1.1851851851851851,0.3095718579595873,0.5199105936863774,24.453527533698733,0.4815830098433011,0.6405668682966457,3.2385290720273794,0.191162109375,1.5662247813203374,2.1066195549129625
N_scintillans.png,N_scintillans,288,224,0.236572265625,72.998046875,7.023411371237458,1.0,0.4293974151128958,0.8529078560865454,21.50338561350469,0.5097608332466106,0.6222242855858002,3.228187690106607,0.173095703125,1.5619135865060436,2.2580342511849705
N_scintillans.png,N_scintillans,320,224,0.09716796875,29.541015625,4.132231404958677,0.5555555555555556,0.4992465950481263,0.8432652055282238,7.298426083396336,0.7436034548192786,0.6557293358209217,3.1925037055151515,0.157470703125,1.5006074005687804,5.927507057244666
N_scintillans.png,N_scintillans,352,224,0.09326171875,17.578125,1.3888888888888888,0.3333333333333333,0.6047040780813017,0.8360351437619016,6.775250377928966,0.7768328246121552,0.7064101165717479,3.141972758689977,0.14306640625,1.526886608782223,6.446786439198585
N_scintillans.png,N_scintillans,384,224,0.098388671875,17.822265625,1.36986301369863,0.3333333333333333,0.6039772381274602,0.7882014689471877,7.319024195326297,0.7617270064982982,0.6044747164893779,3.1413065766120396,0.125,1.3948379549223018,4.837306298327272
Aphanizomenon_sp.png,Aphanizomenon_sp,0,0,0.013916015625,3.41796875,0.0,0.0,0.3732334025172335,0.6050230097514633,2.9088384196271133,0.6582048070192705,0.32966116716157756,3.242871808161426,0.207275390625,0.9793332355190734,20.816255205234974
Aphanizomenon_sp.png,Aphanizomenon_sp,32,0,0.01220703125,3.662109375,6.666666666666667,0.3333333333333333,0.3259550447874665,0.5818520603016154,2.2402968710632427,0.7392440087923083,0.4003902047536904,3.235963869425828,0.21142578125,1.0732167425663381,50.61465093764567
Aphanizomenon_sp.png,Aphanizomenon_sp,64,0,0.059814453125,18.5546875,2.6315789473684212,0.2857142857142857,0.40033738804720786,0.7385414652178092,3.9998946916729685,0.7139982875341245,0.6670609169892152,3.2397797535229906,0.209716796875,1.251517417056429,7.895495190626235
Aphanizomenon_sp.png,Aphanizomenon_sp,96,0,0.260498046875,80.810546875,4.229607250755287,1.2727272727272727,0.46272761117748556,0.7482716588156578,15.066978064373968,0.46131824538632554,0.7486310410311138,3.2497854791851237,0.1923828125,1.6068707677132295,2.0897059897357293
Aphanizomenon_sp.png,Aphanizomenon_sp,128,0,0.40283203125,127.9296875,6.106870229007634,1.2307692307692308,0.40602057498490646,0.7912024440126645,23.012111441798986,0.2855550172593534,0.5182935475311948,3.228287065265374,0.20068359375,1.7213627214635334,1.376603508302066
Aphanizomenon_sp.png,Aphanizomenon_sp,160,0,0.3828125,129.39453125,6.60377358490566,0.8333333333333334,0.3279574263468863,0.4802463197196919,21.252622866276216,0.2877242860337523,0.5011349658735412,3.2395055448086225,0.202880859375,1.7144558760068236,1.4320125458192074
Aphanizomenon_sp.png,Aphanizomenon_sp,192,0,0.427001953125,140.869140625,6.759098786828423,0.8297872340425532,0.2947815336903995,0.3650522640338125,23.363926878621868,0.2625640405334899,0.4169864306034259,3.2521471368219053,0.19921875,1.745105468391906,1.2946033730266795
Aphanizomenon_sp.png,Aphanizomenon_sp,224,0,0.47705078125,150.390625,7.467532467532467,1.1794871794871795,0.2892889974378116,0.4292879258240795,23.013507023179645,0.2654705709901515,0.32920498172279156,3.245494038756126,0.19775390625,1.7863440180530807,1.167100131452316
Aphanizomenon_sp.png,Aphanizomenon_sp,256,0,0.48388671875,162.841796875,7.796101949025488,1.1818181818181819,0.3089477718905399,0.610746385113063,22.125088577097518,0.2794868314895751,0.26322254555024627,3.2441031420906836,0.19287109375,1.796494212398198,1.118675834345366
Aphanizomenon_sp.png,Aphanizomenon_sp,288,0,0.461669921875,164.55078125,8.308605341246292,1.1666666666666667,0.33500256460762046,0.6166481932883656,24.115007519211403,0.2676104098708187,0.281879865550635,3.247296009277423,0.197265625,1.7876755817068237,1.1465115573101667
Aphanizomenon_sp.png,Aphanizomenon_sp,320,0,0.472900390625,163.818359375,8.19672131147541,1.3095238095238095,0.3266112959102824,0.7280475111102992,24.79036753590326,0.270459239535743,0.3142019606382895,3.238641567497876,0.203369140625,1.7889871316858508,1.1587432255563346
Aphanizomenon_sp.png,Aphanizomenon_sp,352,0,0.50927734375,171.875,6.9602272727272725,1.225,0.37277750498072904,0.7844452234176613,30.32795276675486,0.25004200717912345,0.3503925859532543,3.229846361130569,0.211669921875,1.819901860709662,1.1178395099568963
Aphanizomenon_sp.png,Aphanizomenon_sp,384,0,0.46484375,139.892578125,6.631762652705061,1.1515151515151516,0.44973836829363545,0.7976830345246806,32.30978560405657,0.2635683269049129,0.3865402907472796,3.235226862148138,0.208740234375,1.7704203563141694,1.195367822231819
Aphanizomenon_sp.png,Aphanizomenon_sp,416,0,0.337890625,101.5625,6.009615384615385,1.0,0.46882591894365677,0.6444758329181834,25.154060177311777,0.3529558050794559,0.567556803129007,3.229283724028449,0.209716796875,1.6869758432508657,1.4835472668070988
Aphanizomenon_sp.png,Aphanizomenon_sp,448,0,0.13037109375,43.701171875,3.910614525139665,0.4666666666666667,0.44545999250102,0.7167841269848064,10.072843836608738,0.664135951408797,0.7706400785342147,3.222437463284238,0.212646484375,1.5847488363730982,4.017379128782001
Aphanizomenon_sp.png,Aphanizomenon_sp,480,0,0.000244140625,0.244140625,0.0,0.0,0.41822140821090054,0.7499034213210378,0.22098017447719825,0.9199814212134769,0.8113504973030268,3.1266761160237206,0.22509765625,0.0,392.00000000000006
Aphanizomenon_sp.png,Aphanizomenon_sp,0,32,0.0078125,2.44140625,0.0,0.0,0.4345011767628903,0.7250990938849055,2.011904761904763,0.7324229512186756,0.36147349056047534,3.2181063720906,0.222412109375,0.7667177264009343,22.938842773437504
Aphanizomenon_sp.png,Aphanizomenon_sp,32,32,0.0234375,7.8125,6.25,0.4,0.4015632066729603,0.801015256728733,2.9186931138196037,0.7426925434585079,0.6954452583624362,3.196835601753851,0.232421875,1.3396216763909155,43.51161986072736
Aphanizomenon_sp.png,Aphanizomenon_sp,64,32,0.17333984375,47.8515625,5.1020408163265305,0.7142857142857143,0.4732526345693546,0.8780684707553142,11.016979245401908,0.5617591156060988,0.7375606161339272,3.242849697168745,0.208251953125,1.5329766402632188,3.4249035893422644
Aphanizomenon_sp.png,Aphanizomenon_sp,96,32,0.36669921875,105.46875,6.018518518518518,1.1304347826086956,0.4752370360826287,0.7977482472672882,20.363179878432923,0.34800790231290296,0.5869379601642193,3.2496628673978707,0.1904296875,1.6604278433011939,1.426474526106933
Aphanizomenon_sp.png,Aphanizomenon_sp,128,32,0.376953125,111.81640625,5.895196506550218,0.675,0.3648566066019941,0.6267381631076521,19.755675823570233,0.29229259766528637,0.39478232164415655,3.2516016957696743,0.192626953125,1.687959136147239,1.464031138438351
Aphanizomenon_sp.png,Aphanizomenon_sp,160,32,0.35302734375,116.69921875,6.066945606694561,0.7837837837837838,0.3276699769080786,0.5324081121215669,20.259418698034864,0.2926485975153965,0.3838538165897849,3.251355133131133,0.192138671875,1.6751248296099297,1.4840303123496414
Aphanizomenon_sp.png,Aphanizomenon_sp,192,32,0.4287109375,151.611328125,6.763285024154589,1.0,0.3379878630574388,0.6485839857546644,25.234519675926013,0.2582131422347012,0.34351034325429175,3.247112075526657,0.19384765625,1.7534403433822225,1.2249943214870493
Aphanizomenon_sp.png,Aphanizomenon_sp,224,32,0.4853515625,162.109375,7.379518072289157,1.2894736842105263,0.3427437085634364,0.669838287910821,22.135252306941307,0.27681074935375316,0.34469966894677473,3.2451389625065024,0.192626953125,1.8061062822577842,1.1462896708118202
Aphanizomenon_sp.png,Aphanizomenon_sp,256,32,0.4580078125,152.34375,7.051282051282051,0.9361702127659575,0.3211583083691284,0.6175508520132564,18.217791398967023,0.3095698111295858,0.2386550379685224,3.2353741309175477,0.201416015625,1.7807725524273823,1.1991769550026643
Aphanizomenon_sp.png,Aphanizomenon_sp,288,32,0.46826171875,158.447265625,7.395993836671803,1.1162790697674418,0.31535248722932396,0.643981122945692,22.863740866717055,0.28506777352562707,0.22212622585566502,3.2384519003231937,0.201416015625,1.7854035740568162,1.149552520105119
Aphanizomenon_sp.png,Aphanizomenon_sp,320,32,0.536376953125,175.048828125,7.531380753138075,1.588235294117647,0.34567210589853165,0.7843555653942903,28.798698704018676,0.25993511686644366,0.19613587674931257,3.2436558549754815,0.197265625,1.8339745433643295,1.119567376813146
Aphanizomenon_sp.png,Aphanizomenon_sp,352,32,0.4931640625,152.34375,6.730769230769231,1.3548387096774193,0.46509285062638905,0.8695071108667756,31.4741374559084,0.2566181887357005,0.38996382012180375,3.2304646939963497,0.210205078125,1.7987527892469017,1.1701886915475546
Aphanizomenon_sp.png,Aphanizomenon_sp,384,32,0.309326171875,95.703125,5.612244897959184,0.7857142857142857,0.558699108327072,0.9302359108731288,23.756029147770313,0.33186857574956397,0.5313486515481408,3.221815436131113,0.216552734375,1.627009943393582,1.6972073178069664
Aphanizomenon_sp.png,Aphanizomenon_sp,416,32,0.11328125,38.0859375,3.2051282051282053,0.21739130434782608,0.47463607849048767,0.7307791520789607,9.963334986772512,0.49586896363050975,0.587176594249718,3.2311371451574455,0.211181640625,1.328815990638299,4.248977287753654
Aphanizomenon_sp.png,Aphanizomenon_sp,448,32,0.0205078125,8.056640625,0.0,0.0,0.3772295401789499,0.6738757897288736,2.1424959451373162,0.7612921717692416,0.7231334239192776,3.2487380567223756,0.1943359375,1.034985136500136,19.901296441525343
Aphanizomenon_sp.png,Aphanizomenon_sp,0,64,0.086669921875,21.97265625,6.666666666666667,0.6,0.5189461730136513,0.8104005212209592,6.978162792894944,0.6810520743556836,0.7134619400234596,3.221026621129508,0.219970703125,1.5302422160565115,8.39735905313436
Aphanizomenon_sp.png,Aphanizomenon_sp,32,64,0.20361328125,53.22265625,5.504587155963303,0.8571428571428571,0.5104267410499921,0.9011411613297127,14.447510196208151,0.5154522305176134,0.6782991317788883,3.227253989914788,0.214599609375,1.6475248730601861,2.6902148958147225
Aphanizomenon_sp.png,Aphanizomenon_sp,64,64,0.334228515625,88.37890625,5.801104972375691,0.9130434782608695,0.45461646959841395,0.8171303761575656,20.528682248362426,0.36176932786628657,0.5673817114256101,3.24928516819676,0.203369140625,1.6555751758382145,1.6155911217426433
Aphanizomenon_sp.png,Aphanizomenon_sp,96,64,0.4423828125,126.220703125,6.382978723404255,1.1379310344827587,0.37803767905963204,0.6834169165516714,26.450534611993007,0.27409070922525747,0.30458229960098676,3.2513291487580944,0.19677734375,1.7245802342730305,1.260520379837135
Aphanizomenon_sp.png,Aphanizomenon_sp,128,64,0.41015625,134.033203125,6.375227686703097,0.7446808510638298,0.2782349670579341,0.38687596411456715,22.727996464789676,0.27414977779974475,0.2672483266461479,3.2615510154716665,0.18603515625,1.7053295494739436,1.2763876002051968
Aphanizomenon_sp.png,Aphanizomenon_sp,160,64,0.40087890625,129.638671875,6.4030131826742,0.85,0.32719713895973573,0.569999948192476,21.818744685374238,0.28393008518371704,0.3622894471866527,3.259185552295673,0.187255859375,1.696383409721571,1.343855693531202
Aphanizomenon_sp.png,Aphanizomenon_sp,192,64,0.47607421875,150.87890625,7.281553398058253,1.2162162162162162,0.3699799624892822,0.7889340433226378,26.38054197373402,0.26103075450584645,0.38262427991648257,3.2344809143467343,0.1982421875,1.7790473284641073,1.2080858175486797
Aphanizomenon_sp.png,Aphanizomenon_sp,224,64,0.4658203125,155.2734375,7.861635220125786,1.3888888888888888,0.35514629054245,0.6467800376638538,21.832379653250197,0.28379410999687626,0.4169911493057383,3.245019937822137,0.193603515625,1.7790442373026336,1.1812375281115484
Aphanizomenon_sp.png,Aphanizomenon_sp,256,64,0.393798828125,138.18359375,6.5371024734982335,0.74,0.32550871711147245,0.3757002961014084,18.251545178256492,0.30528454793915005,0.45878623162820753,3.2466668356042443,0.19970703125,1.7189374162276245,1.2608806807600415
Aphanizomenon_sp.png,Aphanizomenon_sp,288,64,0.414306640625,145.263671875,6.050420168067227,0.8181818181818182,0.29641703072708736,0.46325888749815763,21.033784289178623,0.27960199976323263,0.29799946090645985,3.243673422789874,0.201171875,1.7362509946933742,1.1711251726098584
Aphanizomenon_sp.png,Aphanizomenon_sp,320,64,0.517822265625,164.794921875,7.407407407407407,1.3513513513513513,0.3560859165323072,0.7778946056323848,26.02439806941296,0.2652040584143651,0.2450761214294554,3.2462193340052097,0.194091796875,1.8086373260933624,1.1310798905388497
Aphanizomenon_sp.png,Aphanizomenon_sp,352,64,0.482666015625,149.658203125,7.504078303425775,1.2432432432432432,0.4188279927692994,0.7079025788187767,26.435860339506178,0.27300764019916096,0.43341120373181885,3.2320459067139997,0.2099609375,1.7756688685939095,1.1828229520398998
Aphanizomenon_sp.png,Aphanizomenon_sp,384,64,0.294189453125,105.95703125,6.682027649769585,0.6744186046511628,0.4414430267697499,0.8713408894148849,18.595757747543495,0.31929624549685487,0.660531642530063,3.2268382640232844,0.21826171875,1.614972110649659,1.5855370306964411
Aphanizomenon_sp.png,Aphanizomenon_sp,416,64,0.17041015625,70.80078125,5.862068965517241,0.4722222222222222,0.4334861837406832,0.689093544933426,11.824971655328824,0.4090021023176233,0.7598226715555464,3.234609027632737,0.2099609375,1.4651394995910823,2.2436955040263906
Aphanizomenon_sp.png,Aphanizomenon_sp,448,64,0.07763671875,30.2734375,4.032258064516129,0.3125,0.44435667187645883,0.7922546985702136,5.332855017006813,0.6614980397111985,0.8305975905515546,3.2611066275358374,0.1806640625,1.3803106653791954,5.095336422188896
Aphanizomenon_sp.png,Aphanizomenon_sp,480,64,0.000244140625,0.244140625,0.0,0.0,0.4921056411786134,0.9253036443980698,0.24902860449735442,0.9118403163774753,0.8012995262842662,3.1889936652829975,0.208984375,0.0,392.00000000000006
Aphanizomenon_sp.png,Aphanizomenon_sp,0,96,0.2705078125,77.1484375,6.012658227848101,0.95,0.5999385759011195,0.9232766573515984,19.22642077664408,0.4429282729166508,0.5913571552694389,3.226235718444344,0.20654296875,1.6615041940608235,1.8297826894957634
Aphanizomenon_sp.png,Aphanizomenon_sp,32,96,0.365234375,100.5859375,5.58252427184466,0.7931034482758621,0.5259125027438977,0.7629849138268626,22.88143857079877,0.32815364039836714,0.41091846094078527,3.2329719928053584,0.20361328125,1.6827193484715708,1.4142558752603491
Aphanizomenon_sp.png,Aphanizomenon_sp,64,96,0.38330078125,114.74609375,6.170212765957447,0.725,0.3799046791812965,0.6821795518586679,22.832596175044184,0.2974781670834857,0.36853646223000447,3.242038519415967,0.208984375,1.6788702770192696,1.370356030350187
Aphanizomenon_sp.png,Aphanizomenon_sp,96,96,0.4072265625,126.46484375,5.984555984555985,0.7560975609756098,0.34380320633502415,0.6548280752444319,24.565584451373223,0.28173027731954875,0.32321843672800693,3.253236348592075,0.199462890625,1.7085140393437843,1.4012364571925793
Aphanizomenon_sp.png,Aphanizomenon_sp,128,96,0.37353515625,121.58203125,6.224899598393574,0.8378378378378378,0.35370046979433495,0.648577961865423,24.00998460726891,0.28034063626187544,0.24314192423549516,3.258408730956663,0.193603515625,1.6690197528015944,1.378080345384377
Aphanizomenon_sp.png,Aphanizomenon_sp,160,96,0.386474609375,122.55859375,6.573705179282869,0.7333333333333333,0.37033052947437023,0.7240571932082293,22.950786564625943,0.2821477820997825,0.39050749979473276,3.253795959093069,0.196044921875,1.676586260124987,1.3848142700581458
Aphanizomenon_sp.png,Aphanizomenon_sp,192,96,0.493408203125,146.484375,7.666666666666667,1.0952380952380953,0.35760969086801303,0.7320688931085901,25.343090592718603,0.2641721817429615,0.3908174592146893,3.242063372408591,0.202392578125,1.7846814083841882,1.247416295421132
Aphanizomenon_sp.png,Aphanizomenon_sp,224,96,0.452880859375,144.775390625,7.925801011804385,1.236842105263158,0.3377650617393089,0.4105665189648704,22.101350899155975,0.2752521779878709,0.4241988675841139,3.2389244636632823,0.204345703125,1.7599535437562674,1.2654698597928553
Aphanizomenon_sp.png,Aphanizomenon_sp,256,96,0.41845703125,136.23046875,6.630824372759856,0.9024390243902439,0.3540596369573739,0.29632166897123347,21.367318397266295,0.27516823943066426,0.34372435313053634,3.2580382765849176,0.18603515625,1.7277785823366016,1.2283773190837548
Aphanizomenon_sp.png,Aphanizomenon_sp,288,96,0.416748046875,138.427734375,5.8201058201058204,0.7333333333333333,0.4138432172120108,0.5163328849478935,20.96940153376164,0.2705115341529338,0.2634499527123532,3.258840568564856,0.189697265625,1.7320697708619566,1.1694938908451178
Aphanizomenon_sp.png,Aphanizomenon_sp,320,96,0.395751953125,127.9296875,5.916030534351145,0.775,0.47892255405351764,0.9065472453622225,19.49735252897453,0.2845914512017419,0.3959039040549929,3.24679080077746,0.1875,1.7025024649083929,1.286079082517896
Aphanizomenon_sp.png,Aphanizomenon_sp,352,96,0.39111328125,128.41796875,6.653992395437262,0.7446808510638298,0.3976850594930825,0.8154420680337751,20.029324924414208,0.27802210970723806,0.39930561271514453,3.2382833178289183,0.206787109375,1.6876339476485949,1.363044538976643
Aphanizomenon_sp.png,Aphanizomenon_sp,384,96,0.359130859375,135.7421875,7.913669064748201,0.8461538461538461,0.32667253385138373,0.6256027910699457,19.857756991685566,0.2660041564020603,0.35507104028512443,3.2097651966812877,0.228271484375,1.680740576506842,1.3289738238862379
Aphanizomenon_sp.png,Aphanizomenon_sp,416,96,0.314697265625,121.826171875,7.014028056112225,0.875,0.45415961497251656,0.6173300654965861,16.983018786218185,0.30439143314438133,0.5239399624667573,3.2317560020793294,0.208740234375,1.6357853755312572,1.4105103241795263
Aphanizomenon_sp.png,Aphanizomenon_sp,448,96,0.150390625,54.443359375,4.932735426008969,0.6111111111111112,0.5903674898880482,0.8454178573453824,7.987682862496872,0.5566629821819102,0.8360560958760356,3.240328502215234,0.1806640625,1.50057582504567,3.0235290264254133
Aphanizomenon_sp.png,Aphanizomenon_sp,480,96,0.006591796875,1.953125,0.0,0.0,0.6290447081993052,0.9304105501183729,0.6743472852103808,0.8581799989074457,0.7886402620061589,3.2143051890028707,0.206787109375,0.7702749878828292,72.01652892561984
Aphanizomenon_sp.png,Aphanizomenon_sp,0,128,0.324462890625,101.5625,5.528846153846154,0.7666666666666667,0.4667261094900067,0.8222730334322819,21.207019439720426,0.3101964809891366,0.35780402867819316,3.234764373543804,0.196533203125,1.6193758310814472,1.436146458841831
Aphanizomenon_sp.png,Aphanizomenon_sp,32,128,0.3154296875,97.412109375,5.2631578947368425,0.45652173913043476,0.41087736317764667,0.5562456568415649,18.85522663926691,0.3226469837452783,0.3617702419109848,3.2393181420838593,0.199462890625,1.59680093059855,1.6570840422744348
Aphanizomenon_sp.png,Aphanizomenon_sp,64,128,0.357666015625,112.79296875,6.926406926406926,0.7272727272727273,0.34697456976683866,0.6652849386016726,20.52764294375166,0.3031043138416458,0.3738618487326711,3.2485937813539896,0.199462890625,1.6521744804933975,1.428440780570208
Aphanizomenon_sp.png,Aphanizomenon_sp,96,128,0.359619140625,109.86328125,6.0,0.7105263157894737,0.3627308296747306,0.7786372882942953,20.23500192901239,0.30977084630580726,0.38821735153422293,3.2579846726517836,0.19384765625,1.6547766979893506,1.4721283165858197
Aphanizomenon_sp.png,Aphanizomenon_sp,128,128,0.376953125,110.3515625,6.1946902654867255,0.7368421052631579,0.415953179327962,0.6491563455887612,23.3072148998489,0.29128030008033245,0.34463283257995336,3.2595463910490405,0.193115234375,1.66839237759105,1.389688014828465
Aphanizomenon_sp.png,Aphanizomenon_sp,160,128,0.392822265625,120.60546875,6.882591093117409,0.7727272727272727,0.4161853428130799,0.6231320445638252,23.20243016187964,0.27560325630727256,0.3547682503745009,3.262368885541587,0.187744140625,1.6886152607549558,1.3888766769550633
Aphanizomenon_sp.png,Aphanizomenon_sp,192,128,0.4150390625,125.732421875,6.601941747572815,1.0625,0.43225041942993697,0.5951444360137317,22.728172634794756,0.2854314119010464,0.40879265954989924,3.2610125811797905,0.18505859375,1.7105598412022087,1.3231264391114628
Aphanizomenon_sp.png,Aphanizomenon_sp,224,128,0.420654296875,136.23046875,6.630824372759856,1.3703703703703705,0.46333110564402347,0.47324491485936504,24.713391085601017,0.29191486008294,0.41054312312433566,3.245799088559348,0.19287109375,1.7212068425401448,1.2621550358495934
Aphanizomenon_sp.png,Aphanizomenon_sp,256,128,0.40283203125,127.9296875,5.916030534351145,0.8857142857142857,0.5018850991422956,0.6593374586209881,23.546433098702533,0.29402449572008194,0.4607003574833707,3.2493427804994486,0.18896484375,1.7061084647264027,1.2889840489365358
Aphanizomenon_sp.png,Aphanizomenon_sp,288,128,0.3984375,118.408203125,5.56701030927835,0.8181818181818182,0.5435476543642392,0.8275598531388946,20.264249102418802,0.30206804877585836,0.5440031853989893,3.2412947182993737,0.194580078125,1.6999689669049192,1.3465626201670184
Aphanizomenon_sp.png,Aphanizomenon_sp,320,128,0.381103515625,110.83984375,4.185022026431718,0.59375,0.5287642103243244,0.8979280925992212,19.058391991055693,0.295891046145473,0.45656502650297365,3.240202420418357,0.194580078125,1.6871244485864578,1.3905386047871104
Aphanizomenon_sp.png,Aphanizomenon_sp,352,128,0.375244140625,120.849609375,4.848484848484849,0.6153846153846154,0.4181493488656921,0.7867383282900698,18.76662788958177,0.28663269717469153,0.40930996885047644,3.2439474075038004,0.199462890625,1.681251066107411,1.4027635969396142
Aphanizomenon_sp.png,Aphanizomenon_sp,384,128,0.347412109375,123.291015625,6.138613861386139,0.8378378378378378,0.4072404876775124,0.7206888927713374,17.404213710947346,0.31675732844362176,0.5985066611285959,3.242066588257392,0.203125,1.6439514112816358,1.5024822383974334
Aphanizomenon_sp.png,Aphanizomenon_sp,416,128,0.303955078125,105.224609375,6.496519721577727,0.8484848484848485,0.4767958451392011,0.17707379418611083,14.82069534989925,0.34594618836754754,0.6759269722242949,3.2439116708691333,0.19580078125,1.5782705463209667,1.742339679329838
Aphanizomenon_sp.png,Aphanizomenon_sp,448,128,0.16552734375,54.19921875,6.306306306306307,0.7,0.560762072613685,0.7186381884620114,8.045544375157496,0.526836445436577,0.819530817437933,3.2386871379808775,0.188720703125,1.5106521275805438,3.4944436741147054
Aphanizomenon_sp.png,Aphanizomenon_sp,480,128,0.020263671875,6.591796875,0.0,0.0,0.6574649917317366,0.8770741989792237,1.0736735087553542,0.8085651124466656,0.8383802652496316,3.23472609115914,0.196533203125,1.2858175310575488,49.573283858998145
Aphanizomenon_sp.png,Aphanizomenon_sp,0,160,0.37255859375,109.86328125,6.222222222222222,0.7567567567567568,0.3460096510621151,0.5111304238401007,21.13167772896205,0.2948475454407754,0.36577881487200625,3.2572234852980757,0.190673828125,1.6624481683928487,1.4138213075285422
Aphanizomenon_sp.png,Aphanizomenon_sp,32,160,0.324951171875,101.07421875,5.314009661835748,0.6285714285714286,0.36941178710477296,0.3348076956191046,19.0148032013732,0.31681661678024076,0.3446907340336742,3.2540976273203293,0.1943359375,1.6112013530962577,1.4642954311921632
Aphanizomenon_sp.png,Aphanizomenon_sp,64,160,0.307373046875,105.224609375,6.496519721577727,0.5957446808510638,0.3533749300982826,0.6431497033659608,17.326621157722407,0.3275514643149619,0.36717114102598486,3.257814643896949,0.191650390625,1.5958451166386212,1.5969182560423594
Aphanizomenon_sp.png,Aphanizomenon_sp,96,160,0.331787109375,103.515625,6.839622641509434,0.6590909090909091,0.35122671010976786,0.807996884226054,17.766261770912134,0.3317851031853611,0.5278699358138796,3.2574560060237223,0.18896484375,1.6176287564332112,1.561765636168707
Aphanizomenon_sp.png,Aphanizomenon_sp,128,160,0.4345703125,132.32421875,7.9335793357933575,1.048780487804878,0.3547496194782864,0.5091475473619622,23.462741520219257,0.2899687788484433,0.47819291417612564,3.251075762494928,0.193603515625,1.7377555942024578,1.2212942972177152
Aphanizomenon_sp.png,Aphanizomenon_sp,160,160,0.41650390625,126.708984375,7.89980732177264,1.025,0.41985831470882795,0.5004538789442801,22.283328609221545,0.28406251343388605,0.43145384062403025,3.25855322419128,0.178955078125,1.7172015750767602,1.2725105992549124
Aphanizomenon_sp.png,Aphanizomenon_sp,192,160,0.279296875,82.275390625,5.9347181008902075,0.5,0.5133120943329035,0.5291759873967355,16.629356024817405,0.3684529346163008,0.5082641874435274,3.256507226683046,0.181396484375,1.5911652332390924,1.9566922410465832
Aphanizomenon_sp.png,Aphanizomenon_sp,224,160,0.28662109375,83.740234375,5.247813411078718,0.75,0.5294399858583694,0.32148794836314487,18.348601072373476,0.3942929301954772,0.6050341833105272,3.246652400073556,0.1953125,1.5907841216191734,2.053425996065432
Aphanizomenon_sp.png,Aphanizomenon_sp,256,160,0.327880859375,95.21484375,5.384615384615385,0.84,0.5492072037250711,0.6174432248067099,19.30283230190233,0.3558420713072642,0.5842821170360623,3.234714908516127,0.19775390625,1.5978458082714104,1.6782328707985676
Aphanizomenon_sp.png,Aphanizomenon_sp,288,160,0.36572265625,100.5859375,6.310679611650485,1.0,0.5368413383801308,0.7749530515506378,19.838247393865007,0.3211719377271964,0.5822160038828166,3.243744846709946,0.189453125,1.6549857194511912,1.4937453829832261
Aphanizomenon_sp.png,Aphanizomenon_sp,320,160,0.447021484375,119.384765625,5.930470347648262,1.1153846153846154,0.500626571260725,0.6316100370970453,23.35881598009577,0.2905768857270046,0.47259203749787515,3.248050425885339,0.18798828125,1.7398980336528482,1.225888669475724
Aphanizomenon_sp.png,Aphanizomenon_sp,352,160,0.509521484375,134.521484375,5.2631578947368425,0.9666666666666667,0.4428674116939082,0.5854547669373648,20.71972631645253,0.3198870708235552,0.4907701271384606,3.2249397700355353,0.2001953125,1.788677950511469,1.1707365884631995
Aphanizomenon_sp.png,Aphanizomenon_sp,384,160,0.444580078125,112.060546875,5.228758169934641,0.96,0.4824691579936702,0.7382083284121764,16.08186000094481,0.35830053256839645,0.6499880768103944,3.221814459694526,0.19189453125,1.711981953964217,1.4321674886473796
Aphanizomenon_sp.png,Aphanizomenon_sp,416,160,0.320068359375,85.44921875,6.0,0.7241379310344828,0.47472580346061366,0.5233309681711529,14.18592332766443,0.36376823542136305,0.6833774880078904,3.2439940028479626,0.184814453125,1.5933873845194964,1.7926923011749718
Aphanizomenon_sp.png,Aphanizomenon_sp,448,160,0.176513671875,48.33984375,7.070707070707071,0.7,0.4505362148264574,0.3063977768788169,8.158554972915121,0.5212847472485346,0.801688575207365,3.240585325880242,0.189208984375,1.5137880540807054,2.867400000986706
Aphanizomenon_sp.png,Aphanizomenon_sp,480,160,0.032470703125,6.8359375,0.0,0.0,0.6085180973014466,0.8638641179648238,1.522679673721341,0.7663521334080423,0.8424866996134319,3.2290981218305093,0.200439453125,1.2623407353748421,15.318778125
Aphanizomenon_sp.png,Aphanizomenon_sp,0,192,0.413330078125,107.666015625,6.575963718820861,0.8787878787878788,0.33882252609294095,0.38312756072192666,22.148846923028565,0.28971743648138976,0.4577082368527701,3.2592681153055407,0.18896484375,1.6829786051131777,1.3920817689150422
Aphanizomenon_sp.png,Aphanizomenon_sp,32,192,0.348876953125,97.412109375,5.012531328320802,0.8333333333333334,0.3675979760434641,0.3691809748570271,18.591204884731763,0.3215198811576164,0.4872529176435233,3.2560518840625097,0.19140625,1.6152467390923686,1.5652042376430713
Aphanizomenon_sp.png,Aphanizomenon_sp,64,192,0.29541015625,92.7734375,5.2631578947368425,0.5882352941176471,0.37052169068112184,0.5503726880829407,16.03279813082646,0.3366670360028568,0.4644430055570117,3.247441563097494,0.199951171875,1.5582150644601824,1.857252703767923
Aphanizomenon_sp.png,Aphanizomenon_sp,96,192,0.35791015625,100.09765625,6.585365853658536,0.675,0.3699643188390843,0.7560889799907221,18.369854654824948,0.32243240563188885,0.5319987418914603,3.2528848557946044,0.19189453125,1.6357577841334379,1.5804102301670384
Aphanizomenon_sp.png,Aphanizomenon_sp,128,192,0.4169921875,135.7421875,7.913669064748201,1.2571428571428571,0.3220064101688126,0.45420852907019854,21.58051953420262,0.2896000754049972,0.5316515882350044,3.2473454146624663,0.19580078125,1.7216908011205858,1.2589420672214446
Aphanizomenon_sp.png,Aphanizomenon_sp,160,192,0.418701171875,141.11328125,7.7854671280276815,1.40625,0.37488650097442344,0.6733391743890095,22.470412296863216,0.2755415213927927,0.46711102093381696,3.2464744907448706,0.19580078125,1.7213790176691857,1.232287380357473
Aphanizomenon_sp.png,Aphanizomenon_sp,192,192,0.306884765625,102.05078125,5.2631578947368425,0.6666666666666666,0.481627133029071,0.6200438423168271,17.25587069318477,0.3613697711060939,0.6469239593068309,3.242931172856446,0.194580078125,1.6386135418173566,1.7371590340062992
Aphanizomenon_sp.png,Aphanizomenon_sp,224,192,0.288330078125,84.716796875,6.051873198847262,0.7241379310344828,0.4694581983474917,0.40293599432341015,14.674287249622127,0.3935219933922415,0.7684299263654675,3.2374669320280107,0.203369140625,1.613796369241048,1.77141469790425
Aphanizomenon_sp.png,Aphanizomenon_sp,256,192,0.29345703125,78.125,5.9375,1.0,0.4922479780069897,0.32167071491322713,14.710257424729202,0.41049252027668925,0.7541207954980722,3.231527745494697,0.201904296875,1.6029434433237526,1.9543675515949623
Aphanizomenon_sp.png,Aphanizomenon_sp,288,192,0.291259765625,81.0546875,7.228915662650603,0.96,0.5312256925165558,0.4568399411676689,17.908149486646597,0.40568597340401835,0.6598170341764166,3.2358811849628912,0.196533203125,1.600610516170687,1.7544101901364308
Aphanizomenon_sp.png,Aphanizomenon_sp,320,192,0.32080078125,92.28515625,6.613756613756614,0.8333333333333334,0.48834493174209614,0.44301451301926886,18.679494598765512,0.415530117529045,0.642383587786164,3.2422399489415925,0.186767578125,1.6176638389019182,1.6906692998347077
Aphanizomenon_sp.png,Aphanizomenon_sp,352,192,0.364990234375,90.8203125,5.10752688172043,0.59375,0.42949692552250623,0.47787862998309494,15.021674815759681,0.4444533496663607,0.7692897706313684,3.228647737286968,0.19189453125,1.654945276818009,1.6908216133436287
Aphanizomenon_sp.png,Aphanizomenon_sp,384,192,0.447265625,120.60546875,5.870445344129554,0.8787878787878788,0.4159272037057361,0.6357728344284533,16.55424166194257,0.36617574659397223,0.6964183895297613,3.22620204146729,0.20556640625,1.7165259012454288,1.3618504157124935
Aphanizomenon_sp.png,Aphanizomenon_sp,416,192,0.300537109375,91.30859375,5.882352941176471,1.0476190476190477,0.37098585860006417,0.44227671292110426,12.686032572751339,0.38770952098863515,0.7797257495122423,3.2435542141528493,0.1982421875,1.6761165346098317,1.8606159710803978
Aphanizomenon_sp.png,Aphanizomenon_sp,448,192,0.091796875,26.611328125,5.504587155963303,0.375,0.3903012354516695,0.3075634284933464,4.52128015558076,0.5988386343141723,0.8524437435158763,3.2505684318966663,0.1826171875,1.4386390934708886,7.011398557265498
Aphanizomenon_sp.png,Aphanizomenon_sp,480,192,0.0185546875,3.41796875,0.0,0.0,0.5579506256829874,0.8409799097005206,1.0628848182791637,0.8004030687400946,0.8243631132000637,3.230203475042478,0.19384765625,1.141868277472599,32.93976382317635
Aphanizomenon_sp.png,Aphanizomenon_sp,0,224,0.319091796875,80.810546875,6.042296072507553,0.6896551724137931,0.34229880567127435,0.18430480097968874,18.211241614701517,0.36109372797271294,0.647433339082259,3.2520353666858544,0.197509765625,1.6159995878525197,1.8283358791197066
Aphanizomenon_sp.png,Aphanizomenon_sp,32,224,0.336181640625,93.017578125,6.824146981627297,1.04,0.3771880273661993,0.2986190919621853,19.78020774281941,0.33267021473468816,0.5610727645193948,3.250658175975446,0.19140625,1.5943613942754877,1.7361786405458786
Aphanizomenon_sp.png,Aphanizomenon_sp,64,224,0.3330078125,96.435546875,6.329113924050633,0.8064516129032258,0.41622882647317005,0.5586666165333434,18.982916430461167,0.3165283304786707,0.4810877596325989,3.2427619411378097,0.19921875,1.6008946322887034,1.5905136287568054
Aphanizomenon_sp.png,Aphanizomenon_sp,96,224,0.422607421875,114.501953125,5.970149253731344,0.7777777777777778,0.4546059591058824,0.36193744601002736,21.617506377551074,0.28935705075045337,0.38212586886455296,3.2487093298490364,0.188232421875,1.710257944300066,1.3627692337040012
Aphanizomenon_sp.png,Aphanizomenon_sp,128,224,0.35986328125,119.140625,6.762295081967213,0.9166666666666666,0.37004239539501776,0.2558670158972845,20.528242315444746,0.28707160428126266,0.46880360014809414,3.2519815140283126,0.19482421875,1.6571581340515062,1.371888981510245
Aphanizomenon_sp.png,Aphanizomenon_sp,160,224,0.334228515625,111.083984375,5.934065934065934,0.8181818181818182,0.37869420188506697,0.09765358300916265,20.381498606387087,0.29181198781836926,0.47788731228224873,3.2403544809191143,0.20849609375,1.6156385237786344,1.420728056385805
Aphanizomenon_sp.png,Aphanizomenon_sp,192,224,0.38427734375,117.919921875,5.175983436853002,0.78125,0.5253867165734705,0.3037268680297682,22.613808775825227,0.30357371555636525,0.5255847675696265,3.2350565393113726,0.200439453125,1.674933948040011,1.3820994102061936
Aphanizomenon_sp.png,Aphanizomenon_sp,224,224,0.359130859375,105.224609375,6.0324825986078885,0.8666666666666667,0.5759678712233403,0.3696829276388788,21.02306153943065,0.3140044895305847,0.6103392182710329,3.231292209537738,0.201416015625,1.650727910178337,1.3283769715503964
Aphanizomenon_sp.png,Aphanizomenon_sp,256,224,0.2041015625,55.6640625,4.824561403508772,0.8461538461538461,0.5735313823475557,0.25150692906572947,12.166030879944593,0.47487790977068056,0.7999066443644179,3.2392642816856996,0.203125,1.5281119856696084,2.3999274002660678
Aphanizomenon_sp.png,Aphanizomenon_sp,288,224,0.1162109375,31.25,7.03125,0.6923076923076923,0.5991802019703405,0.621276968905466,8.703753897392303,0.5794589455943341,0.6852105359761204,3.222746973537681,0.213134765625,1.4470769653145332,4.852678165697489
Aphanizomenon_sp.png,Aphanizomenon_sp,320,224,0.09326171875,27.83203125,6.140350877192983,0.4375,0.5396877686925423,0.7150361733433308,6.752013652683319,0.6068964727150068,0.703858296081531,3.2266333363352806,0.20703125,1.4145330248866828,6.947018846835887
Aphanizomenon_sp.png,Aphanizomenon_sp,352,224,0.136962890625,37.109375,3.289473684210526,0.2777777777777778,0.46324520731757124,0.7142047790443666,7.4623527651801655,0.5669338718128297,0.6726986470423272,3.2470776901085956,0.18896484375,1.419534549824903,3.9775583336322535
Aphanizomenon_sp.png,Aphanizomenon_sp,384,224,0.329833984375,95.703125,6.122448979591836,0.96,0.48101245525703906,0.7860260814371004,15.934363386558388,0.4282017023066789,0.7714953205675156,3.222502812562503,0.20068359375,1.6236474620253674,1.5462617114187738
Aphanizomenon_sp.png,Aphanizomenon_sp,416,224,0.313232421875,84.716796875,6.916426512968299,1.3333333333333333,0.4779364351662413,0.6085027846365946,13.102583105001312,0.4531573399997737,0.7963119159854141,3.215093772963095,0.18896484375,1.6522615603215909,1.7578824993598747
Aphanizomenon_sp.png,Aphanizomenon_sp,448,224,0.130615234375,24.90234375,4.901960784313726,0.5,0.5056888167880378,0.5684896163236766,5.578003944633424,0.6003565384331953,0.82521791043605,3.2177472868131263,0.169677734375,1.4003453600913291,4.5046887847862385
Aphanizomenon_sp.png,Aphanizomenon_sp,480,224,0.03466796875,5.615234375,0.0,0.0,0.562248564481262,0.6126511546133513,2.300847190728144,0.7871731009772711,0.7050777517873216,3.2329467588603884,0.177734375,1.1880795196441076,13.558123874983112
Aphanizomenon_sp.png,Aphanizomenon_sp,0,256,0.238037109375,66.40625,6.25,0.85,0.3801096183474712,0.6315848816528059,16.041212955089502,0.42801849656436053,0.663209263324398,3.2354411916965233,0.2099609375,1.6161612989545626,2.6385032354135918
Aphanizomenon_sp.png,Aphanizomenon_sp,32,256,0.351318359375,100.341796875,6.81265206812652,1.037037037037037,0.44685910396953815,0.2887807733193073,22.17535706412203,0.3313726728198627,0.5012563530461227,3.239542875139672,0.1943359375,1.6232930779588888,1.5820996571865704
Aphanizomenon_sp.png,Aphanizomenon_sp,64,256,0.35888671875,92.041015625,5.039787798408488,0.6333333333333333,0.4209192224238232,0.47702272926297157,18.825432256235914,0.32166097506197244,0.5380263191981912,3.2463442298983716,0.18115234375,1.6314035136024592,1.5736212434984291
Aphanizomenon_sp.png,Aphanizomenon_sp,96,256,0.403564453125,104.98046875,6.046511627906977,0.8666666666666667,0.4231099321392746,0.38195133889899613,18.98549008723866,0.3080811603026597,0.49194064568637785,3.252030721414078,0.1787109375,1.6871668036762053,1.411347174963438
Aphanizomenon_sp.png,Aphanizomenon_sp,128,256,0.276123046875,82.763671875,5.899705014749262,0.6451612903225806,0.39511008978688816,0.18392820473465898,17.1440785226128,0.3318374426844754,0.5230488384478986,3.255331402651483,0.197509765625,1.550852595808098,1.8258793180488568
Aphanizomenon_sp.png,Aphanizomenon_sp,160,256,0.24462890625,73.486328125,3.9867109634551494,0.42857142857142855,0.422147553369634,0.4581305949794574,15.722517479213975,0.3436051326297859,0.47299326220690735,3.249024463597147,0.200927734375,1.491291888525635,2.168999654097447
Aphanizomenon_sp.png,Aphanizomenon_sp,192,256,0.3076171875,90.576171875,4.8517520215633425,0.6428571428571429,0.5923660051206628,0.8605050921181733,17.70153159643493,0.34693207170251794,0.5448073420096512,3.2341176218587466,0.201171875,1.5690940503709405,1.6282094038502797
Aphanizomenon_sp.png,Aphanizomenon_sp,224,256,0.235595703125,65.4296875,4.104477611940299,0.44,0.6680049125420147,0.8699472877883524,15.33316405265817,0.39245889263936695,0.6109055139031264,3.232547228758164,0.20068359375,1.5144821252383434,2.306076378711608
Aphanizomenon_sp.png,Aphanizomenon_sp,256,256,0.1005859375,29.052734375,3.361344537815126,0.3076923076923077,0.6130739903382625,0.8609810882721929,7.564105213844815,0.5222213574137595,0.6730191993819312,3.2457175355126,0.197998046875,1.3545125499483357,4.178896620636572
Aphanizomenon_sp.png,Aphanizomenon_sp,288,256,0.01708984375,6.591796875,3.7037037037037037,0.25,0.6133311033846258,0.8989528780028185,2.2297256865709256,0.6683930489133283,0.6752219475372991,3.2290604897056157,0.1982421875,1.1252139764730498,17.67571393278983
Aphanizomenon_sp.png,Aphanizomenon_sp,320,256,0.0,0.0,0.0,0.0,0.6327092376393694,0.9431729911715042,1.3544816074577977,0.7390577961158645,0.7028516207695995,3.191100448022775,0.1826171875,0.0,
Aphanizomenon_sp.png,Aphanizomenon_sp,352,256,0.044921875,10.498046875,4.651162790697675,0.4,0.5801517380391525,0.8943516141003945,3.2818661029226535,0.705940995243652,0.7717695627437253,3.221067038128543,0.164306640625,1.4478004146643209,16.887372810321597
Aphanizomenon_sp.png,Aphanizomenon_sp,384,256,0.14990234375,37.59765625,6.4935064935064934,1.1111111111111112,0.5727432208343821,0.9118547697986377,8.12089395943565,0.6183750402948974,0.8575704824932752,3.2524814609505253,0.1689453125,1.6122392199547115,4.048489338273133
Aphanizomenon_sp.png,Aphanizomenon_sp,416,256,0.19677734375,45.654296875,6.951871657754011,1.3,0.5863263797676991,0.8811717303058483,7.953343490173866,0.6281250781656671,0.8841794891252863,3.2150354610897036,0.164306640625,1.6554465140463246,3.0997783317057364
Aphanizomenon_sp.png,Aphanizomenon_sp,448,256,0.12646484375,23.681640625,5.154639175257732,0.625,0.5367997754870242,0.6631650757367246,4.98466730442178,0.6787703170373752,0.8591061255050216,3.2003425043914744,0.14892578125,1.4418302233251192,4.550740792731819
Aphanizomenon_sp.png,Aphanizomenon_sp,480,256,0.03466796875,5.615234375,0.0,0.0,0.5340446393247609,0.2347902071286289,2.427639400667676,0.7785088704794011,0.7133074526468549,3.228760718631354,0.15771484375,1.1880795196441076,13.558123874983112
M_rubrum.png,M_rubrum,32,0,0.008544921875,1.953125,0.0,0.0,0.4397444103449101,0.22562255223241764,0.17608831727135296,0.9167791595804986,0.9072754420867349,3.1609021286689902,0.187255859375,0.9422064766172807,45.606648199445985
M_rubrum.png,M_rubrum,64,0,0.01708984375,4.39453125,0.0,0.0,0.5305632559832303,0.4185940263280672,0.22617571334089193,0.8964772888321997,0.9497097952279888,3.1471339397704217,0.171875,1.1838284748589483,18.39902466347497
M_rubrum.png,M_rubrum,96,0,0.06787109375,16.845703125,1.4492753623188406,0.1111111111111111,0.5452389635515882,0.6440931343224396,0.3448936287477954,0.8577761776006703,0.9382307119981175,3.175685114196713,0.155517578125,1.3063725879451153,7.427092433283669
M_rubrum.png,M_rubrum,128,0,0.181884765625,36.865234375,3.9735099337748343,0.5454545454545454,0.5790001706808144,0.758336664467592,0.5235674130763415,0.8099877103619227,0.9351515112748318,3.1900647656644345,0.154052734375,1.506179319530737,3.2167023498930147
M_rubrum.png,M_rubrum,160,0,0.185302734375,35.888671875,4.081632653061225,0.5454545454545454,0.5705845538980454,0.8077263650638035,0.6710305650037794,0.807413594292534,0.9218244252191522,3.1510057378343275,0.1494140625,1.6007027266893967,3.814989122127381
M_rubrum.png,M_rubrum,192,0,0.123291015625,26.123046875,2.803738317757009,0.2727272727272727,0.5316795587757948,0.8376044578283659,0.7573213892038299,0.8069632294017365,0.9135131948420562,3.1588055137180766,0.142333984375,1.4846881041035886,4.986975024880389
M_rubrum.png,M_rubrum,224,0,0.156982421875,34.423828125,1.4184397163120568,0.16666666666666666,0.4990913282660866,0.67724538068304,0.6629296973419001,0.7929341675190333,0.9342470415045547,3.1889499441072626,0.1376953125,1.4640899368096063,3.2226544721589696
M_rubrum.png,M_rubrum,256,0,0.244140625,52.734375,3.240740740740741,0.4117647058823529,0.43576899733773683,0.34367523718657755,0.7478584026203076,0.762924283157148,0.8494125151613928,3.140873642354668,0.1298828125,1.5679143235742614,2.2688369570682947
M_rubrum.png,M_rubrum,288,0,0.248291015625,56.884765625,4.291845493562231,0.45454545454545453,0.4742192378170848,0.4445558856948354,1.1048496945074326,0.7501038758817531,0.8583338937602771,3.202055939047173,0.16064453125,1.567492183130209,2.5688164247185568
M_rubrum.png,M_rubrum,320,0,0.169189453125,35.888671875,5.442176870748299,0.5714285714285714,0.5187020425954347,0.5824942915229083,0.9101149140211644,0.8062702466301601,0.910344437373986,3.2006356806166503,0.15771484375,1.5359749560322327,3.7962967015322895
M_rubrum.png,M_rubrum,352,0,0.07666015625,16.357421875,4.477611940298507,0.42857142857142855,0.5474139307438257,0.43980988058343495,0.3766239134542706,0.8706549937051512,0.889575667191176,3.1009129538381215,0.128662109375,1.5493838133937405,12.778342718906185
M_rubrum.png,M_rubrum,0,32,0.02783203125,9.033203125,0.0,0.0,0.3938458653809688,0.5277977732863075,0.1915942302847065,0.9104481607457799,0.7826462327940148,3.1752866496295424,0.175048828125,1.0509775004326933,17.874256692029064
M_rubrum.png,M_rubrum,32,32,0.05126953125,15.13671875,1.6129032258064515,0.1111111111111111,0.3616243138769821,0.5897241845136488,0.2755544926303855,0.8824424387810681,0.8218324466181177,3.205597549618349,0.1650390625,1.144620875646661,7.70500242991148
M_rubrum.png,M_rubrum,64,32,0.07958984375,15.869140625,1.5384615384615385,0.1111111111111111,0.39736691742504626,0.36794216047617234,0.28845033383723867,0.87388874531294,0.8914292031282743,3.175230355399839,0.14404296875,1.3812337774347374,6.966975174579838
M_rubrum.png,M_rubrum,96,32,0.095703125,20.01953125,1.2195121951219512,0.09090909090909091,0.39713216677981733,0.4521369155097858,0.334968072877299,0.8600261342963111,0.7102795253836786,3.17478354244883,0.156005859375,1.4033336960383944,5.843378989432354
M_rubrum.png,M_rubrum,128,32,0.233642578125,51.7578125,4.245283018867925,0.6428571428571429,0.4322663858768892,0.21875279775344028,0.6349816546989169,0.7846144271455022,0.7697035924110599,3.1435778458729184,0.1396484375,1.5069239865044652,2.262786847787012
M_rubrum.png,M_rubrum,160,32,0.326904296875,62.01171875,4.724409448818897,0.8,0.5198648818171335,0.3396142402603104,1.2320660903250185,0.7223403932557002,0.8639902652172451,3.204362706991336,0.1513671875,1.6393517253869487,1.7366865329111372
M_rubrum.png,M_rubrum,192,32,0.298828125,56.396484375,3.896103896103896,0.42857142857142855,0.549970723977578,0.6642003497411391,1.4503082482993195,0.7108779733085113,0.8818366142923503,3.2359670972962107,0.1494140625,1.6067295780924407,1.988915289134068
M_rubrum.png,M_rubrum,224,32,0.318603515625,76.171875,3.5256410256410255,0.4583333333333333,0.45055763144651145,0.5070389108102094,1.166966844608214,0.7123120605055568,0.8374066060271058,3.2205054682874845,0.136962890625,1.5762880484853423,1.6651695985394925
M_rubrum.png,M_rubrum,256,32,0.4072265625,102.05078125,4.30622009569378,0.5,0.3668417694550884,0.3142844170152092,1.3963805429579237,0.6701946887398783,0.7309928823079737,3.2041491849901798,0.13623046875,1.6823196330345394,1.4026027175632356
M_rubrum.png,M_rubrum,288,32,0.449951171875,109.86328125,5.333333333333333,0.7058823529411765,0.407999171531768,0.3915990270005645,2.2558126259763167,0.5984356848219301,0.7275436462094188,3.235754024210145,0.161865234375,1.7195223626690128,1.3662529817082831
M_rubrum.png,M_rubrum,320,32,0.373046875,83.984375,5.523255813953488,0.6785714285714286,0.45969385170581395,0.5706776625582997,2.059189184933233,0.6461475805308224,0.8408843238943109,3.2170490372856797,0.164794921875,1.662219540692013,1.5274329863759597
M_rubrum.png,M_rubrum,352,32,0.16064453125,35.15625,5.555555555555555,0.6153846153846154,0.46825682761283555,0.6067179016282127,0.7641575727513228,0.8139319548346601,0.7966596149996559,3.161494030275823,0.1474609375,1.6201337700570164,3.7748185299464305
M_rubrum.png,M_rubrum,0,64,0.052734375,14.892578125,1.639344262295082,0.07692307692307693,0.3955264855572719,0.482058704451172,0.5205193767321745,0.809757902003394,0.6828822201830772,3.238240623164766,0.178955078125,1.0363046202884099,5.26061858448822
M_rubrum.png,M_rubrum,32,64,0.110107421875,30.76171875,1.5873015873015872,0.16666666666666666,0.3277845402902314,0.5912923864874454,0.5977536848072562,0.7831571998457504,0.7408271697256602,3.2429790750670904,0.16748046875,1.2788096541071248,3.925449630075044
M_rubrum.png,M_rubrum,64,64,0.184814453125,38.330078125,1.2738853503184713,0.2,0.44336792820432475,0.5670905466589132,0.49510168650793673,0.8058120777691421,0.879534983987493,3.069881477182118,0.1162109375,1.4058251514494482,2.3520154816847954
M_rubrum.png,M_rubrum,96,64,0.095458984375,20.01953125,0.0,0.0,0.44111613551281337,0.3493899931458654,0.29559948979591827,0.8650699168556311,0.8248847601052862,3.0701462698532325,0.12841796875,1.3832841587766573,5.083490024540082
M_rubrum.png,M_rubrum,128,64,0.0634765625,19.04296875,3.8461538461538463,0.2727272727272727,0.3778588406202059,0.41780931107726876,0.3974995669564121,0.8478444471627682,0.768182045708929,3.187953085535798,0.148193359375,1.292600520551417,8.302252113623046
M_rubrum.png,M_rubrum,160,64,0.152587890625,32.2265625,4.545454545454546,0.5,0.4149957077901505,0.44249675539735706,0.8828489150289747,0.7779536358553316,0.8171247558396499,3.2180629790557678,0.17431640625,1.5190693514729456,3.8567237298471015
M_rubrum.png,M_rubrum,192,64,0.187255859375,38.818359375,4.40251572327044,0.4666666666666667,0.4245405487345438,0.2400652591111658,1.1122714710884354,0.745205904245555,0.8423249260751676,3.2403379922497355,0.184814453125,1.5759407721061724,3.533490769717723
M_rubrum.png,M_rubrum,224,64,0.274658203125,73.974609375,4.62046204620462,0.6666666666666666,0.45401514671887405,0.655650086636082,1.2578075790501386,0.6907484970941291,0.7656642673500317,3.2454426459429975,0.164306640625,1.596220850523033,1.794729576733213
M_rubrum.png,M_rubrum,256,64,0.4091796875,101.318359375,4.819277108433735,0.5555555555555556,0.5174036117630132,0.8385642843078474,1.5411568562610232,0.6572919634426115,0.8316363065671715,3.212344676258806,0.150390625,1.695967720981102,1.3349286622147558
M_rubrum.png,M_rubrum,288,64,0.4912109375,114.990234375,5.307855626326964,0.78125,0.5550069726170762,0.8908899451861688,2.132805610670194,0.6045297402691924,0.8196880065353516,3.2076259297037435,0.150146484375,1.7675527895349863,1.194151469152499
M_rubrum.png,M_rubrum,320,64,0.454345703125,110.107421875,4.878048780487805,0.5945945945945946,0.575251089097846,0.9480804257104091,2.3039828199798453,0.5793799487868995,0.7306955258759287,3.219726946456884,0.155029296875,1.7433513603284165,1.2546680955639415
M_rubrum.png,M_rubrum,352,64,0.281494140625,62.5,4.296875,0.3793103448275862,0.5501475390960859,0.8481948339400276,1.2936133944318469,0.7174066819738217,0.7984100437462651,3.176059972170137,0.139892578125,1.655042502789221,2.142585872247836
M_rubrum.png,M_rubrum,0,96,0.086669921875,26.3671875,2.7777777777777777,0.17647058823529413,0.44670103704723774,0.8423333029609065,0.7370903801335349,0.7441334230451441,0.5670182980755928,3.2480107694691553,0.1953125,1.2144562292658367,4.035294850846235
M_rubrum.png,M_rubrum,32,96,0.1357421875,33.447265625,0.7299270072992701,0.09090909090909091,0.43785445273176005,0.8453221891577303,0.6776059382086168,0.76109127278048,0.7371792345561411,3.2317390699966944,0.176025390625,1.3734779100484609,3.106544222295864
M_rubrum.png,M_rubrum,64,96,0.15087890625,34.912109375,0.6993006993006993,0.1111111111111111,0.5586892517374366,0.8862717897746027,0.43837002393550023,0.821104624185857,0.8731657377953296,3.0952370062606285,0.1201171875,1.3766360674088616,3.107102249952477
M_rubrum.png,M_rubrum,96,96,0.063232421875,15.380859375,0.0,0.0,0.47940599673060424,0.5963710395187897,0.2456715325018897,0.886719931027967,0.8819800141458438,3.1115007631144147,0.13525390625,1.3772441598081502,7.2028713760049445
M_rubrum.png,M_rubrum,128,96,0.00244140625,0.732421875,0.0,0.0,0.34921514384141106,0.4108155211800617,0.18616543839758126,0.911734693877551,0.9108069122704868,3.1720992726231345,0.162841796875,0.5754887502163466,210.21854912764007
M_rubrum.png,M_rubrum,160,96,0.00244140625,0.732421875,0.0,0.0,0.3446568645926739,0.7433364754824379,0.2546867126480222,0.8824390983245152,0.7778550574284396,3.182400672117982,0.168701171875,0.5754887502163466,113.56143667296784
M_rubrum.png,M_rubrum,192,96,0.010009765625,5.126953125,4.761904761904762,0.25,0.32095635710729215,0.7868036677268236,0.32986012692113886,0.8666865789228797,0.6111651955304511,3.2154490093108876,0.19775390625,1.1328745041051917,41.95905399331318
M_rubrum.png,M_rubrum,224,96,0.140869140625,46.142578125,2.6455026455026456,0.2777777777777778,0.5239044794159424,0.8395367478591287,0.7379269416099774,0.7725325827446367,0.8813519900816504,3.2285998387893775,0.176025390625,1.4761914769057431,3.143081322718572
M_rubrum.png,M_rubrum,256,96,0.32080078125,76.66015625,3.5031847133757963,0.44,0.7065477800016646,0.8945895246172679,1.0578634810405645,0.7143103751062874,0.8606266200764958,3.1484667405640936,0.13916015625,1.5908723618588942,1.5767871136897993
M_rubrum.png,M_rubrum,288,96,0.3623046875,85.205078125,3.7249283667621778,0.52,0.6671217923477745,0.888723482381206,1.3049315791131268,0.6967484024149817,0.7003720270192256,3.1573315662246344,0.1416015625,1.6640289242104105,1.5853067213257737
M_rubrum.png,M_rubrum,320,96,0.38623046875,101.07421875,4.830917874396135,0.6896551724137931,0.6010664419723092,0.9201190081260063,1.8016000960569416,0.6199191659102814,0.721337148621415,3.2182575674695544,0.163818359375,1.7263270625794223,1.328076093426462
M_rubrum.png,M_rubrum,352,96,0.419677734375,101.318359375,5.301204819277109,0.6666666666666666,0.608258998732352,0.8930044172449967,1.7091462742504409,0.6381965439165195,0.7348295955353948,3.211218926288791,0.156982421875,1.7224809791903997,1.3130694412323725
M_rubrum.png,M_rubrum,0,128,0.08251953125,23.681640625,2.0618556701030926,0.2,0.6355804327137503,0.8990329260645648,0.47976308578987137,0.8101668792517007,0.8036690638678124,3.199219896338636,0.180419921875,1.2639587352310107,4.496350279502126
M_rubrum.png,M_rubrum,32,128,0.076171875,18.5546875,0.0,0.0,0.5548734010471266,0.8460313219835531,0.4091946963970774,0.8351472301883718,0.7914425535203902,3.1840575502526223,0.16650390625,1.3129915797260034,5.194060805510318
M_rubrum.png,M_rubrum,64,128,0.037841796875,10.7421875,0.0,0.0,0.5222754391420092,0.8472889180921972,0.21916434397833212,0.8941049973230033,0.8007421710487973,3.160495358128303,0.15380859375,1.3217799175157436,16.071012245524745
M_rubrum.png,M_rubrum,96,128,0.00732421875,2.685546875,0.0,0.0,0.4485298143068578,0.502127348522528,0.15739362874779542,0.9234845442806752,0.8671896636660447,3.1427946531882407,0.158935546875,1.3422064766172812,33.3776136259577
M_rubrum.png,M_rubrum,128,128,0.0,0.0,0.0,0.0,0.34581610223240433,0.04206802230754466,0.1236949640967498,0.938152517951625,0.9141498321437735,3.148343295687384,0.16845703125,0.0,
M_rubrum.png,M_rubrum,160,128,0.0,0.0,0.0,0.0,0.316745027365056,0.4228719799081897,0.1867667784706475,0.9069933586860672,0.88654809067777,3.1863883529044807,0.187744140625,0.0,
M_rubrum.png,M_rubrum,192,128,0.0,0.0,0.0,0.0,0.3251271646160532,0.7202366019306886,0.19991161974048877,0.9021499629944569,0.9148809999632992,3.1869635268793814,0.20703125,0.0,
M_rubrum.png,M_rubrum,224,128,0.070556640625,21.728515625,2.247191011235955,0.16666666666666666,0.5624068959860162,0.9083591840057419,0.344433027840766,0.8582981919619703,0.9557560368967958,3.1660013817877153,0.16064453125,1.280704201190109,6.895158862395863
M_rubrum.png,M_rubrum,256,128,0.1845703125,43.701171875,2.793296089385475,0.3333333333333333,0.7688021666247216,0.9761261712019148,0.7422642668178381,0.7680400685915394,0.8621876420434395,3.0994334363076694,0.13916015625,1.3878272828979785,2.2475544576863635
M_rubrum.png,M_rubrum,288,128,0.156494140625,38.818359375,2.5157232704402515,0.2857142857142857,0.6807991949958844,0.8966435435418225,0.7726186539430584,0.778010998785246,0.797554422546269,3.139943696164798,0.148193359375,1.465694490009676,3.125612191720462
M_rubrum.png,M_rubrum,320,128,0.247802734375,74.21875,5.2631578947368425,0.64,0.5589103586678842,0.8342688716761504,1.186958695515243,0.7150769515523542,0.7743937565113581,3.2182968812745303,0.167236328125,1.6855105462196194,1.941720919530248
M_rubrum.png,M_rubrum,352,128,0.46337890625,125.9765625,5.62015503875969,0.7435897435897436,0.6113806499507081,0.8906355639992855,2.028442106009072,0.6111237459278334,0.528557579538712,3.2317873952057687,0.156982421875,1.7683727887862641,1.2083984673368897
M_rubrum.png,M_rubrum,0,160,0.021484375,5.615234375,0.0,0.0,0.6117714799589877,0.8428303346225183,0.19644923941798947,0.9058440216364326,0.8965895543964862,3.1364286341153775,0.170166015625,0.972067178682556,17.825769018211563
M_rubrum.png,M_rubrum,32,160,0.0078125,2.44140625,0.0,0.0,0.4805645483464833,0.7370823662926449,0.20381983812043336,0.9019319649155959,0.8125961783316977,3.1508528598575727,0.16943359375,0.8838284748589481,62.0598062293397
M_rubrum.png,M_rubrum,64,160,0.0,0.0,0.0,0.0,0.43614809496801366,0.765278563471347,0.15643502771478965,0.9218580719324768,0.817819449496439,3.1528764716149236,0.168701171875,0.0,
M_rubrum.png,M_rubrum,96,160,0.0,0.0,0.0,0.0,0.45131224195850583,0.37368200783030864,0.1402923437893676,0.9299294138951877,0.9214335712463252,3.1369541124653715,0.154052734375,0.0,
M_rubrum.png,M_rubrum,128,160,0.0,0.0,0.0,0.0,0.45456888961991626,0.6254459415039711,0.143168146888385,0.928491512345679,0.9245770937518457,3.128344421612833,0.16357421875,0.0,
M_rubrum.png,M_rubrum,160,160,0.0,0.0,0.0,0.0,0.3626802933610128,0.36362625214345456,0.16674048091458807,0.9167809311224491,0.907185324385977,3.161537920834305,0.195556640625,0.0,
M_rubrum.png,M_rubrum,192,160,0.0,0.0,0.0,0.0,0.38752350808054853,0.732718777500502,0.19177925799949608,0.9053894242882338,0.9280903320334146,3.1709502216962937,0.187744140625,0.0,
M_rubrum.png,M_rubrum,224,160,0.015869140625,5.126953125,4.761904761904762,0.2,0.6049127865046086,0.9000670967772592,0.24476706191735953,0.8840140975371629,0.9688803433752888,3.064221829733357,0.13134765625,0.9815798366007569,35.44007516237524
M_rubrum.png,M_rubrum,256,160,0.093505859375,25.390625,1.9230769230769231,0.16666666666666666,0.7604264231549447,0.961452126507295,0.6867736678004535,0.7922580971491164,0.911822733663294,3.1110979125030767,0.156005859375,1.2347478443284465,4.122216880920708
M_rubrum.png,M_rubrum,288,160,0.07763671875,20.263671875,1.2048192771084338,0.14285714285714285,0.6769117609304561,0.8936680488954919,0.669728481670446,0.7995016369261381,0.8010130530801878,3.149951416293012,0.1728515625,1.311268690368534,5.210664210818886
M_rubrum.png,M_rubrum,320,160,0.151123046875,45.166015625,4.864864864864865,0.5294117647058824,0.5461836626368363,0.7915579148192979,0.7602680539808514,0.779495314466647,0.7129635739325308,3.174574022154562,0.153076171875,1.6563028649301714,3.27254117629701
M_rubrum.png,M_rubrum,352,160,0.4150390625,99.365234375,4.914004914004914,0.8333333333333334,0.6279497985737308,0.7762753592792743,2.0874068956286234,0.6435650383086138,0.8157365511751247,3.172707043052264,0.1416015625,1.7297686018354,1.3605574503725921
M_rubrum.png,M_rubrum,0,192,0.0,0.0,0.0,0.0,0.42980789612951215,0.7817868699993364,0.0956071664777022,0.9522720025510206,0.9159317035365598,3.0833374598872685,0.184326171875,0.0,
M_rubrum.png,M_rubrum,32,192,0.0,0.0,0.0,0.0,0.3325692580098578,0.6670370618015113,0.14598096182917614,0.927009519085412,0.8798074118987278,3.098749074945096,0.18701171875,0.0,
M_rubrum.png,M_rubrum,64,192,0.0,0.0,0.0,0.0,0.38903345807290823,0.7910043130453747,0.16024777966742254,0.9198761101662888,0.7811730329343999,3.1408778934584634,0.18408203125,0.0,
M_rubrum.png,M_rubrum,96,192,0.0,0.0,0.0,0.0,0.4313388664406437,0.2654543299819696,0.16163253495842783,0.9192593183106577,0.8294121292116017,3.1413845508746414,0.1728515625,0.0,
M_rubrum.png,M_rubrum,128,192,0.0,0.0,0.0,0.0,0.4675852699548303,0.7051677839943299,0.1779769778281683,0.9113882590073065,0.8080070870825654,3.129687345557164,0.167236328125,0.0,
M_rubrum.png,M_rubrum,160,192,0.0,0.0,0.0,0.0,0.44272324520804085,0.6309642204616303,0.16732016880826403,0.9166410777273872,0.8403916006080769,3.154747109863716,0.158935546875,0.0,
M_rubrum.png,M_rubrum,192,192,0.0,0.0,0.0,0.0,0.4385144220456747,0.7061063642324309,0.17594068877551022,0.9121052414021162,0.8997689708619593,3.1886834583015844,0.163818359375,0.0,
M_rubrum.png,M_rubrum,224,192,0.012939453125,4.150390625,0.0,0.0,0.6111292521290717,0.8821404839653976,0.24688602292768957,0.8789686476442429,0.9689991031378041,3.0661397963466754,0.126220703125,0.9058893689053565,17.61019268422926
M_rubrum.png,M_rubrum,256,192,0.077392578125,26.123046875,0.0,0.0,0.7623785650551401,0.9476675915981317,0.5972497795414463,0.801881813979153,0.9562553979164197,3.077331895951315,0.14501953125,1.1275653412060243,3.954971635150602
M_rubrum.png,M_rubrum,288,192,0.083740234375,29.541015625,0.0,0.0,0.6559003155846508,0.8846442272352247,0.6090728536785085,0.8015376427458449,0.7468129674848935,3.174254614239744,0.184814453125,1.1408277814442735,3.930068440906804
M_rubrum.png,M_rubrum,320,192,0.0947265625,26.611328125,0.9174311926605505,0.07692307692307693,0.5059047727568315,0.7343148908835205,0.6164700255102041,0.8001686625577125,0.6373679806027764,3.181343244559465,0.15283203125,1.3042599881712917,6.062086161687409
M_rubrum.png,M_rubrum,352,192,0.248779296875,47.607421875,5.128205128205129,0.8333333333333334,0.5717952436805753,0.7429017508576109,1.4380727985638713,0.723297287478541,0.9284718801657824,3.1682192334066044,0.14306640625,1.6133146562643288,2.4253235121547636
M_rubrum.png,M_rubrum,96,224,0.0,0.0,0.0,0.0,0.33967059091983864,0.4463578572758629,0.15718202790375413,0.921408986048123,0.7880294291290741,3.14793391206542,0.1845703125,0.0,
M_rubrum.png,M_rubrum,128,224,0.0,0.0,0.0,0.0,0.3695530226601349,0.5802458211764223,0.16908383723859916,0.9157592435122197,0.828970967293478,3.144688796785661,0.16650390625,0.0,
M_rubrum.png,M_rubrum,160,224,0.0,0.0,0.0,0.0,0.41119688581755226,0.5400609582179092,0.16808193184681283,0.9163357819979845,0.8660402886332679,3.133986535766237,0.15966796875,0.0,
M_rubrum.png,M_rubrum,192,224,0.0,0.0,0.0,0.0,0.43434152710261653,0.7248127187705922,0.18645085348954396,0.9071525022045853,0.9061170316846106,3.1663679587489932,0.16357421875,0.0,
M_rubrum.png,M_rubrum,224,224,0.012939453125,4.150390625,0.0,0.0,0.6108197943855018,0.8704434787525276,0.2672144668052407,0.8696358693940537,0.9403392958328944,3.056067936358999,0.1240234375,0.9058893689053565,18.307179561619975
M_rubrum.png,M_rubrum,256,224,0.07275390625,20.263671875,0.0,0.0,0.7365026064532669,0.9065958278116569,0.48397443468128004,0.80735061073931,0.9744465987394465,3.010295188605534,0.120849609375,1.1532293905630593,6.511871448612483
M_rubrum.png,M_rubrum,288,224,0.17724609375,46.875,3.125,0.5454545454545454,0.5772201706308117,0.8149471988302174,0.8544186192995715,0.7637166059502434,0.7596845242401382,3.152630376064753,0.15576171875,1.3640901881191554,2.8920202805482687
M_rubrum.png,M_rubrum,320,224,0.197509765625,52.978515625,3.225806451612903,0.5,0.4981018274541934,0.5157859111246752,1.046609268707483,0.7560038904114608,0.9022298675221722,3.185965457320647,0.146484375,1.4111048198791187,2.9965378535599574
M_rubrum.png,M_rubrum,352,224,0.136474609375,31.982421875,3.816793893129771,1.0,0.5815686097632236,0.49169422583037764,0.8512839742378433,0.7867274305892569,0.9592574157471789,3.1435068520868006,0.15087890625,1.4348847708971706,3.7512431737962557
M_rubrum.png,M_rubrum,0,256,0.0,0.0,0.0,0.0,0.49844777841103727,0.39170144591985173,0.15361729182413708,0.9232669398778031,0.7701855864521514,3.1420616151119396,0.17236328125,0.0,
M_rubrum.png,M_rubrum,32,256,0.0,0.0,0.0,0.0,0.41014258889093935,0.2902321426811878,0.14673189877802978,0.9267096364008568,0.7936793973714446,3.1264498512692502,0.19091796875,0.0,
M_rubrum.png,M_rubrum,192,256,0.0,0.0,0.0,0.0,0.3709044829296848,0.5089360436145313,0.17839033761652812,0.9113339317208364,0.7455854930134858,3.1724752331805735,0.17138671875,0.0,
M_rubrum.png,M_rubrum,224,256,0.0,0.0,0.0,0.0,0.5529157094133592,0.604244164960683,0.2376494000377929,0.8825358441987907,0.857595793723866,3.113057029857478,0.137451171875,0.0,
M_rubrum.png,M_rubrum,256,256,0.062255859375,13.916015625,0.0,0.0,0.6686915147154264,0.7715857081075497,0.42976229843789393,0.817642592115194,0.9715993306929525,2.93568514313988,0.09130859375,1.3554330706163382,9.382574170688686
M_rubrum.png,M_rubrum,288,256,0.241943359375,51.025390625,4.30622009569378,0.5625,0.5423137256802528,0.65431295378609,0.9594287367724874,0.733451997303501,0.8421831439314613,3.0312882593819834,0.10107421875,1.5345650639190285,2.053868991320438
M_rubrum.png,M_rubrum,320,256,0.31103515625,69.3359375,4.577464788732394,0.8125,0.5273146589273252,0.10866590093169703,1.2356357473544977,0.7234785018704467,0.9352953031908333,3.109660763888067,0.11767578125,1.6105784472631297,1.8196263541299125
M_rubrum.png,M_rubrum,352,256,0.140869140625,31.982421875,3.816793893129771,1.0,0.6683061313515292,0.08474967592374454,0.6905864197530865,0.8327307212251189,0.9262117333797104,3.060559005368798,0.112548828125,1.4559716720815536,3.889273597216181
